"Date","W ID","Pollen Score","Colony","Treatment","Pollen Colour"
2011-09-23,"A0 01 03 C0 00 20 0D 8C",3,"WB19_2","A","S1"
2011-09-28,"A0 01 03 C0 00 20 0D 8C",3,"WB19_2","A","S3"
2011-09-30,"A0 01 03 C0 00 20 0D 8C",3,"WB19_2","A","S3"
2011-09-19,"A0 01 03 C0 00 20 0D B2",0,"WB05_2","C",NA
2011-09-20,"A0 01 03 C0 00 20 0D B2",1,"WB05_2","C","S1"
2011-09-21,"A0 01 03 C0 00 20 0D B2",1,"WB05_2","C","S1/2"
2011-09-23,"A0 01 03 C0 00 20 0D B2",0,"WB05_2","C",NA
2011-09-30,"A0 01 03 C0 00 20 0D B2",0,"WB05_2","C",NA
2011-09-30,"A0 01 03 C0 00 20 0D EA",2,"WB02_2","D","S3"
2011-09-28,"A0 01 03 C0 00 20 1D 52",3,"WB19_2","A","S3"
2011-09-29,"A0 01 03 C0 00 20 1D 52",3,"WB19_2","A","S1/3"
2011-10-01,"A0 01 03 C0 00 20 1D 52",3,"WB19_2","A","S1"
2011-09-23,"A0 01 03 C0 00 20 1D 5A",3,"WB01_2","C","S1"
2011-09-29,"A0 01 03 C0 00 20 1D 5A",3,"WB01_2","C","S2"
2011-09-23,"A0 01 03 C0 00 20 1D 62",2,"WB13_2","C","S3"
2011-09-28,"A0 01 03 C0 00 20 1D 62",2,"WB13_2","C","S1"
2011-09-28,"A0 01 03 C0 00 20 1D 62",3,"WB13_2","C","S5/2"
2011-09-29,"A0 01 03 C0 00 20 1D 62",3,"WB13_2","C","S1"
2011-09-29,"A0 01 03 C0 00 20 1D 62",3,"WB13_2","C","S2"
2011-09-26,"A0 01 03 C0 00 20 1D 7A",2,"WB02_2","D","S3"
2011-09-29,"A0 01 03 C0 00 20 1D C3",0,"WB01_2","C",NA
2011-09-30,"A0 01 03 C0 00 20 1D C3",3,"WB01_2","C","S3"
2011-09-21,"A0 01 03 C0 00 20 1D CB",3,"WB01_2","C","S1"
2011-09-21,"A0 01 03 C0 00 20 1D CB",3,"WB01_2","C","S1"
2011-09-22,"A0 01 03 C0 00 20 1D CB",3,"WB01_2","C","S3"
2011-09-23,"A0 01 03 C0 00 20 1D CB",3,"WB01_2","C","S1"
2011-09-23,"A0 01 03 C0 00 20 1D CB",3,"WB01_2","C","S1"
2011-09-27,"A0 01 03 C0 00 20 1D CB",1,"WB01_2","C","S5"
2011-09-28,"A0 01 03 C0 00 20 1D CB",3,"WB01_2","C","S3"
2011-09-29,"A0 01 03 C0 00 20 1D CB",3,"WB01_2","C","S3"
2011-09-29,"A0 01 03 C0 00 20 1D CB",3,"WB01_2","C","S3"
2011-09-30,"A0 01 03 C0 00 20 1D CB",3,"WB01_2","C","S1"
2011-09-23,"A0 01 03 C0 00 20 1D DB",2,"WB01_2","C","S1"
2011-09-27,"A0 01 03 C0 00 20 1D DB",1,"WB01_2","C","S6"
2011-07-23,"A0 01 03 C0 00 20 1F FD",1,"WB17","C","JL1"
2011-07-29,"A0 01 03 C0 00 20 1F FD",2,"WB17","C","AU1"
2011-07-08,"A0 01 03 C0 00 20 26 82",0,"WB04","B",NA
2011-10-01,"A0 01 03 C0 00 20 2D 0A",1,"WB19_2","A","S1"
2011-09-15,"A0 01 03 C0 00 20 3D E5",0,"WB01_2","C",NA
2011-07-27,"A0 01 03 C0 00 20 3F 67",3,"WB02","D","AU3"
2011-07-28,"A0 01 03 C0 00 20 3F 67",3,"WB02","D","AU2"
2011-07-29,"A0 01 03 C0 00 20 3F 67",3,"WB02","D","AU2"
2011-07-29,"A0 01 03 C0 00 20 3F D4",1,"WB04","B","AU7"
2011-07-11,"A0 01 03 C0 00 20 46 23",3,"WB02","D","JL1"
2011-07-12,"A0 01 03 C0 00 20 46 23",2,"WB02","D","JL1"
2011-07-13,"A0 01 03 C0 00 20 46 23",3,"WB02","D","JL3"
2011-07-13,"A0 01 03 C0 00 20 46 23",3,"WB02","D","JL3"
2011-07-15,"A0 01 03 C0 00 20 46 23",1,"WB02","D","AU1"
2011-07-15,"A0 01 03 C0 00 20 46 23",2,"WB02","D","JL1"
2011-07-15,"A0 01 03 C0 00 20 46 23",0,"WB02","D",NA
2011-07-15,"A0 01 03 C0 00 20 46 23",0,"WB02","D",NA
2011-07-20,"A0 01 03 C0 00 20 46 23",0,"WB02","D",NA
2011-07-20,"A0 01 03 C0 00 20 46 23",0,"WB02","D",NA
2011-07-23,"A0 01 03 C0 00 20 46 23",0,"WB02","D",NA
2011-07-29,"A0 01 03 C0 00 20 46 23",0,"WB02","D",NA
2011-07-06,"A0 01 03 C0 00 20 46 2B",2,"WB02","D","JL1"
2011-07-07,"A0 01 03 C0 00 20 46 2B",0,"WB02","D",NA
2011-07-08,"A0 01 03 C0 00 20 46 2B",1,"WB02","D","JL3"
2011-07-12,"A0 01 03 C0 00 20 46 2B",0,"WB02","D",NA
2011-07-14,"A0 01 03 C0 00 20 46 2B",2,"WB02","D","AU1"
2011-07-15,"A0 01 03 C0 00 20 46 2B",2,"WB02","D","AU3"
2011-07-15,"A0 01 03 C0 00 20 46 2B",2,"WB02","D","JL1"
2011-07-06,"A0 01 03 C0 00 20 46 98",3,"WB03","A","JUL1/AUG2"
2011-07-07,"A0 01 03 C0 00 20 46 98",1,"WB03","A","AU2"
2011-07-11,"A0 01 03 C0 00 20 46 98",0,"WB03","A",NA
2011-07-12,"A0 01 03 C0 00 20 46 98",3,"WB03","A","AU2"
2011-07-12,"A0 01 03 C0 00 20 46 98",3,"WB03","A","AU2"
2011-07-14,"A0 01 03 C0 00 20 46 98",2,"WB03","A","AU2"
2011-07-12,"A0 01 03 C0 00 20 46 C4",0,"WB04","B",NA
2011-07-13,"A0 01 03 C0 00 20 46 C4",2,"WB04","B","AU1"
2011-07-14,"A0 01 03 C0 00 20 46 C4",1,"WB04","B","AU1"
2011-07-15,"A0 01 03 C0 00 20 46 C4",2,"WB04","B","AU2"
2011-07-29,"A0 01 03 C0 00 20 46 C4",0,"WB04","B",NA
2011-07-06,"A0 01 03 C0 00 20 46 CE",2,"WB04","B","JUL1/AU3"
2011-07-08,"A0 01 03 C0 00 20 46 CE",1,"WB04","B","AU2"
2011-07-14,"A0 01 03 C0 00 20 46 CE",2,"WB04","B","AU2"
2011-07-14,"A0 01 03 C0 00 20 46 CE",2,"WB04","B","AU1"
2011-07-14,"A0 01 03 C0 00 20 46 CE",1,"WB04","B","AU1"
2011-07-15,"A0 01 03 C0 00 20 46 CE",2,"WB04","B","AU5"
2011-07-16,"A0 01 03 C0 00 20 46 CE",0,"WB04","B",NA
2011-07-07,"A0 01 03 C0 00 20 46 D6",3,"WB20","B","AU2"
2011-07-09,"A0 01 03 C0 00 20 46 D6",3,"WB20","B","JL3"
2011-07-12,"A0 01 03 C0 00 20 46 D6",1,"WB20","B","JL3"
2011-07-13,"A0 01 03 C0 00 20 46 D6",0,"WB20","B",NA
2011-07-14,"A0 01 03 C0 00 20 46 D6",1,"WB20","B","AU3"
2011-07-14,"A0 01 03 C0 00 20 46 D6",1,"WB20","B","AU3"
2011-07-15,"A0 01 03 C0 00 20 46 D6",2,"WB20","B","AU3"
2011-07-14,"A0 01 03 C0 00 20 46 D8",2,"WB08","B","JL3"
2011-07-15,"A0 01 03 C0 00 20 46 D8",1,"WB08","B","JL1"
2011-07-18,"A0 01 03 C0 00 20 46 D8",0,"WB08","B",NA
2011-07-22,"A0 01 03 C0 00 20 46 D8",1,"WB08","B","JL1"
2011-07-25,"A0 01 03 C0 00 20 46 D8",3,"WB08","B","AU3"
2011-07-20,"A0 01 03 C0 00 20 46 DE",2,"WB02","D","JL3"
2011-07-22,"A0 01 03 C0 00 20 46 DE",3,"WB02","D","AU3"
2011-07-25,"A0 01 03 C0 00 20 46 DE",3,"WB02","D","JL3"
2011-07-26,"A0 01 03 C0 00 20 46 DE",1,"WB02","D","AU3"
2011-07-26,"A0 01 03 C0 00 20 46 DE",3,"WB02","D","AU2"
2011-07-27,"A0 01 03 C0 00 20 46 DE",2,"WB02","D","AU3"
2011-07-06,"A0 01 03 C0 00 20 46 E8",2,"WB03","A","JUL1/AUG2"
2011-07-07,"A0 01 03 C0 00 20 46 E8",2,"WB03","A","JL3"
2011-07-23,"A0 01 03 C0 00 20 46 E8",1,"WB03","A","AU5"
2011-07-06,"A0 01 03 C0 00 20 46 EE",3,"WB20","B","AU2"
2011-07-06,"A0 01 03 C0 00 20 46 EE",3,"WB20","B","AU2"
2011-07-06,"A0 01 03 C0 00 20 46 EE",3,"WB20","B","JL1"
2011-07-12,"A0 01 03 C0 00 20 46 EE",0,"WB20","B",NA
2011-07-14,"A0 01 03 C0 00 20 46 EE",0,"WB20","B",NA
2011-07-16,"A0 01 03 C0 00 20 46 EE",3,"WB20","B","AU2"
2011-07-16,"A0 01 03 C0 00 20 46 EE",2,"WB20","B","AU2"
2011-07-18,"A0 01 03 C0 00 20 46 EE",0,"WB20","B",NA
2011-07-18,"A0 01 03 C0 00 20 46 EE",0,"WB20","B",NA
2011-07-18,"A0 01 03 C0 00 20 46 EE",0,"WB20","B",NA
2011-07-09,"A0 01 03 C0 00 20 46 F0",0,"WB06","D",NA
2011-07-07,"A0 01 03 C0 00 20 46 F8",1,"WB06","D","JL3"
2011-07-11,"A0 01 03 C0 00 20 46 F8",1,"WB06","D","JL1"
2011-09-15,"A0 01 03 C0 00 20 4D AA",3,"WB15_2","A","S1"
2011-09-15,"A0 01 03 C0 00 20 4D AA",3,"WB15_2","A","S1"
2011-09-17,"A0 01 03 C0 00 20 4D AA",3,"WB15_2","A","S3"
2011-09-17,"A0 01 03 C0 00 20 4D AA",2,"WB15_2","A","S3"
2011-09-17,"A0 01 03 C0 00 20 4D AA",2,"WB15_2","A","S3"
2011-07-19,"A0 01 03 C0 00 20 5F D8",0,"WB19","A",NA
2011-07-20,"A0 01 03 C0 00 20 5F D8",3,"WB19","A","AU2"
2011-07-21,"A0 01 03 C0 00 20 5F D8",3,"WB19","A","AU2"
2011-07-22,"A0 01 03 C0 00 20 5F D8",2,"WB19","A","AU1"
2011-07-22,"A0 01 03 C0 00 20 5F D8",2,"WB19","A","AU1"
2011-07-22,"A0 01 03 C0 00 20 5F D8",1,"WB19","A","AU1"
2011-07-22,"A0 01 03 C0 00 20 5F D8",2,"WB19","A","AU2"
2011-07-27,"A0 01 03 C0 00 20 5F D8",1,"WB19","A","AU1"
2011-09-28,"A0 01 03 C0 00 20 6D 3C",3,"WB13_2","C","S1"
2011-09-28,"A0 01 03 C0 00 20 6D 3C",3,"WB13_2","C","S3"
2011-09-28,"A0 01 03 C0 00 20 6D 3C",3,"WB13_2","C","S3"
2011-09-29,"A0 01 03 C0 00 20 6D 3C",3,"WB13_2","C","S2"
2011-09-29,"A0 01 03 C0 00 20 6D 3C",0,"WB13_2","C",NA
2011-09-30,"A0 01 03 C0 00 20 6D 3C",3,"WB13_2","C","S1"
2011-09-30,"A0 01 03 C0 00 20 6D 3C",3,"WB13_2","C","S2/6"
2011-09-30,"A0 01 03 C0 00 20 6D 3C",2,"WB13_2","C","S3"
2011-09-30,"A0 01 03 C0 00 20 6D 6C",3,"WB15_2","A","S3"
2011-10-01,"A0 01 03 C0 00 20 6D D3",3,"WB18_2","D","S1"
2011-07-21,"A0 01 03 C0 00 20 7F 29",0,"WB18","D",NA
2011-07-27,"A0 01 03 C0 00 20 7F 29",3,"WB18","D","AU3"
2011-07-28,"A0 01 03 C0 00 20 7F 29",3,"WB18","D","AU2"
2011-07-28,"A0 01 03 C0 00 20 7F 29",3,"WB18","D","AU2"
2011-07-30,"A0 01 03 C0 00 20 7F 29",3,"WB18","D","AU3"
2011-07-11,"A0 01 03 C0 00 20 86 DF",3,"WB01","C","JL1"
2011-09-17,"A0 01 03 C0 00 20 8D 0A",0,"WB03_2","A",NA
2011-09-23,"A0 01 03 C0 00 20 8D 0A",3,"WB03_2","A","S1"
2011-09-23,"A0 01 03 C0 00 20 8D 0A",3,"WB03_2","A","?"
2011-09-23,"A0 01 03 C0 00 20 8D 0A",3,"WB03_2","A","AU2"
2011-09-29,"A0 01 03 C0 00 20 8D 0A",2,"WB03_2","A","S2"
2011-09-24,"A0 01 03 C0 00 20 8D 22",3,"WB19_2","A","S2"
2011-09-14,"A0 01 03 C0 00 20 8D 5A",1,"WB01_2","C","S1"
2011-09-15,"A0 01 03 C0 00 20 8D 5A",0,"WB01_2","C",NA
2011-09-16,"A0 01 03 C0 00 20 8D 5A",3,"WB01_2","C","S1/3"
2011-09-16,"A0 01 03 C0 00 20 8D 5A",3,"WB01_2","C","S3"
2011-09-19,"A0 01 03 C0 00 20 8D 5A",3,"WB01_2","C","S1"
2011-09-19,"A0 01 03 C0 00 20 8D 5A",3,"WB01_2","C","S1/3"
2011-09-20,"A0 01 03 C0 00 20 8D 5A",2,"WB01_2","C","S1"
2011-09-20,"A0 01 03 C0 00 20 8D 5A",3,"WB01_2","C","S1"
2011-09-21,"A0 01 03 C0 00 20 8D 5A",2,"WB01_2","C","S1"
2011-09-22,"A0 01 03 C0 00 20 8D 5A",1,"WB01_2","C","S1"
2011-09-23,"A0 01 03 C0 00 20 8D 5A",3,"WB01_2","C","S1"
2011-09-28,"A0 01 03 C0 00 20 8D 5A",3,"WB01_2","C","S2"
2011-09-20,"A0 01 03 C0 00 20 8D 62",0,"WB14_2","D",NA
2011-09-20,"A0 01 03 C0 00 20 8D 62",0,"WB14_2","D",NA
2011-09-21,"A0 01 03 C0 00 20 8D 62",0,"WB14_2","D",NA
2011-09-21,"A0 01 03 C0 00 20 8D 62",0,"WB14_2","D",NA
2011-09-21,"A0 01 03 C0 00 20 8D 62",0,"WB14_2","D",NA
2011-09-21,"A0 01 03 C0 00 20 8D 62",2,"WB14_2","D","S2"
2011-09-21,"A0 01 03 C0 00 20 8D 62",1,"WB14_2","D","S1"
2011-09-22,"A0 01 03 C0 00 20 8D 62",0,"WB14_2","D",NA
2011-09-22,"A0 01 03 C0 00 20 8D 62",3,"WB14_2","D","S3"
2011-09-22,"A0 01 03 C0 00 20 8D 62",2,"WB14_2","D","S3"
2011-09-23,"A0 01 03 C0 00 20 8D 62",0,"WB14_2","D",NA
2011-09-23,"A0 01 03 C0 00 20 8D 62",1,"WB14_2","D","S1"
2011-09-23,"A0 01 03 C0 00 20 8D 62",2,"WB14_2","D","S1"
2011-09-24,"A0 01 03 C0 00 20 8D 62",3,"WB14_2","D","S3"
2011-09-24,"A0 01 03 C0 00 20 8D 62",2,"WB14_2","D","S1"
2011-09-24,"A0 01 03 C0 00 20 8D 62",3,"WB14_2","D","S3"
2011-09-26,"A0 01 03 C0 00 20 8D 62",3,"WB14_2","D","S3"
2011-09-27,"A0 01 03 C0 00 20 8D 62",0,"WB14_2","D",NA
2011-09-27,"A0 01 03 C0 00 20 8D 62",0,"WB14_2","D",NA
2011-09-27,"A0 01 03 C0 00 20 8D 62",0,"WB14_2","D",NA
2011-09-28,"A0 01 03 C0 00 20 8D 62",0,"WB14_2","D",NA
2011-09-28,"A0 01 03 C0 00 20 8D 62",2,"WB14_2","D","S1"
2011-09-28,"A0 01 03 C0 00 20 8D 62",3,"WB14_2","D","S3"
2011-09-28,"A0 01 03 C0 00 20 8D 62",0,"WB14_2","D",NA
2011-09-29,"A0 01 03 C0 00 20 8D 62",2,"WB14_2","D","S3"
2011-09-29,"A0 01 03 C0 00 20 8D 62",3,"WB14_2","D","S1"
2011-09-30,"A0 01 03 C0 00 20 8D 62",1,"WB14_2","D","S1"
2011-09-30,"A0 01 03 C0 00 20 8D 62",0,"WB14_2","D",NA
2011-09-30,"A0 01 03 C0 00 20 8D 62",3,"WB14_2","D","S2"
2011-09-30,"A0 01 03 C0 00 20 8D 62",1,"WB14_2","D","S3"
2011-09-30,"A0 01 03 C0 00 20 8D 62",0,"WB14_2","D",NA
2011-10-01,"A0 01 03 C0 00 20 8D 62",0,"WB14_2","D",NA
2011-10-01,"A0 01 03 C0 00 20 8D 62",0,"WB14_2","D",NA
2011-10-01,"A0 01 03 C0 00 20 8D 62",0,"WB14_2","D",NA
2011-10-01,"A0 01 03 C0 00 20 8D 62",0,"WB14_2","D",NA
2011-09-30,"A0 01 03 C0 00 20 9D 65",3,"WB06_2","D","S2"
2011-09-28,"A0 01 03 C0 00 20 9D C4",3,"WB07_2","A","S2"
2011-09-29,"A0 01 03 C0 00 20 9D C4",3,"WB07_2","A","S2"
2011-09-29,"A0 01 03 C0 00 20 9D C4",3,"WB07_2","A","S2"
2011-09-22,"A0 01 03 C0 00 20 AD 20",0,"WB04_2","B",NA
2011-09-29,"A0 01 03 C0 00 20 AD 20",0,"WB04_2","B",NA
2011-09-16,"A0 01 03 C0 00 20 AD 2D",0,"WB15_2","A",NA
2011-09-17,"A0 01 03 C0 00 20 AD 2D",3,"WB15_2","A","S3"
2011-09-17,"A0 01 03 C0 00 20 AD 2D",2,"WB15_2","A","S3"
2011-09-19,"A0 01 03 C0 00 20 AD 2D",1,"WB15_2","A","S1"
2011-09-19,"A0 01 03 C0 00 20 AD 2D",0,"WB15_2","A",NA
2011-09-19,"A0 01 03 C0 00 20 AD 2D",0,"WB15_2","A",NA
2011-09-19,"A0 01 03 C0 00 20 AD 2D",0,"WB15_2","A",NA
2011-07-20,"A0 01 03 C0 00 20 BF 77",0,"WB11","A",NA
2011-07-21,"A0 01 03 C0 00 20 BF 77",1,"WB11","A","JL6"
2011-07-22,"A0 01 03 C0 00 20 BF 77",1,"WB11","A","JL2"
2011-07-22,"A0 01 03 C0 00 20 BF 77",1,"WB11","A","AU7"
2011-07-22,"A0 01 03 C0 00 20 BF 77",1,"WB11","A","AU7"
2011-07-23,"A0 01 03 C0 00 20 BF 77",3,"WB11","A","AU2"
2011-07-26,"A0 01 03 C0 00 20 BF 77",1,"WB11","A","AU1"
2011-07-26,"A0 01 03 C0 00 20 BF 7E",0,"WB12","B",NA
2011-07-06,"A0 01 03 C0 00 20 C6 E4",3,"WB11","A","AU2"
2011-07-08,"A0 01 03 C0 00 20 C6 E4",0,"WB11","A",NA
2011-07-08,"A0 01 03 C0 00 20 C6 E4",0,"WB11","A",NA
2011-07-09,"A0 01 03 C0 00 20 C6 E4",1,"WB11","A","JN4"
2011-07-07,"A0 01 03 C0 00 20 C6 E8",0,"WB07","A",NA
2011-07-15,"A0 01 03 C0 00 20 C6 E8",3,"WB07","A","AU3"
2011-07-12,"A0 01 03 C0 00 20 C6 F8",3,"WB07","A","JL1"
2011-07-12,"A0 01 03 C0 00 20 C6 F8",3,"WB07","A","AU2"
2011-07-13,"A0 01 03 C0 00 20 C6 F8",3,"WB07","A","AU2"
2011-07-13,"A0 01 03 C0 00 20 C6 F8",3,"WB07","A","AU2"
2011-07-19,"A0 01 03 C0 00 20 C6 F8",1,"WB07","A","AU1"
2011-09-20,"A0 01 03 C0 00 20 CD 0C",2,"WB01_2","C","S1"
2011-09-21,"A0 01 03 C0 00 20 CD 0C",3,"WB01_2","C","S1"
2011-09-21,"A0 01 03 C0 00 20 CD 0C",2,"WB01_2","C",NA
2011-09-22,"A0 01 03 C0 00 20 CD 0C",0,"WB01_2","C",NA
2011-09-28,"A0 01 03 C0 00 20 CD 0C",3,"WB01_2","C","S1"
2011-09-28,"A0 01 03 C0 00 20 CD 0C",3,"WB01_2","C","S1"
2011-09-29,"A0 01 03 C0 00 20 CD 0C",2,"WB01_2","C","S1"
2011-09-19,"A0 01 03 C0 00 20 CD 52",3,"WB05_2","C","S1"
2011-09-19,"A0 01 03 C0 00 20 CD 52",2,"WB05_2","C","S1"
2011-09-19,"A0 01 03 C0 00 20 CD 52",3,"WB05_2","C","S1"
2011-09-20,"A0 01 03 C0 00 20 CD 52",3,"WB05_2","C","S3"
2011-09-20,"A0 01 03 C0 00 20 CD 52",2,"WB05_2","C","S3"
2011-09-21,"A0 01 03 C0 00 20 CD 52",3,"WB05_2","C","S3"
2011-09-21,"A0 01 03 C0 00 20 CD 52",3,"WB05_2","C","S2"
2011-09-21,"A0 01 03 C0 00 20 CD 52",3,"WB05_2","C","S3"
2011-09-22,"A0 01 03 C0 00 20 CD 52",3,"WB05_2","C","S2"
2011-09-22,"A0 01 03 C0 00 20 CD 52",3,"WB05_2","C","S2"
2011-09-23,"A0 01 03 C0 00 20 CD 52",3,"WB05_2","C","S3"
2011-09-23,"A0 01 03 C0 00 20 CD 52",3,"WB05_2","C","S3"
2011-09-23,"A0 01 03 C0 00 20 CD 52",3,"WB05_2","C","S3"
2011-09-23,"A0 01 03 C0 00 20 CD 52",3,"WB05_2","C","S3"
2011-09-23,"A0 01 03 C0 00 20 CD 52",3,"WB05_2","C","S1"
2011-09-28,"A0 01 03 C0 00 20 CD 52",3,"WB05_2","C","S3"
2011-09-28,"A0 01 03 C0 00 20 CD 52",3,"WB05_2","C","S2/3"
2011-09-29,"A0 01 03 C0 00 20 CD 52",3,"WB05_2","C","S1"
2011-09-29,"A0 01 03 C0 00 20 CD 52",3,"WB05_2","C","S1/2"
2011-09-30,"A0 01 03 C0 00 20 CD 52",3,"WB05_2","C","S3"
2011-09-30,"A0 01 03 C0 00 20 DD D5",3,"WB19_2","A","S2"
2011-09-21,"A0 01 03 C0 00 20 ED 13",1,"WB02_2","D","S6"
2011-09-22,"A0 01 03 C0 00 20 ED 13",0,"WB02_2","D",NA
2011-09-23,"A0 01 03 C0 00 20 ED 13",1,"WB02_2","D","S6"
2011-09-26,"A0 01 03 C0 00 20 ED 13",2,"WB02_2","D","S3"
2011-09-26,"A0 01 03 C0 00 20 ED 13",0,"WB02_2","D",NA
2011-09-30,"A0 01 03 C0 00 20 ED 13",1,"WB02_2","D","S1"
2011-09-27,"A0 01 03 C0 00 20 ED 4D",1,"WB18_2","D","S1"
2011-09-27,"A0 01 03 C0 00 20 ED 4D",1,"WB18_2","D","S1"
2011-09-29,"A0 01 03 C0 00 20 ED 4D",1,"WB18_2","D","S1"
2011-09-30,"A0 01 03 C0 00 20 ED 4D",2,"WB18_2","D","S1"
2011-09-30,"A0 01 03 C0 00 20 ED 4D",2,"WB18_2","D","S2"
2011-09-23,"A0 01 03 C0 00 20 ED 92",2,"WB02_2","D","S1"
2011-09-12,"A0 01 03 C0 00 20 ED B4",0,"WB06_2","D",NA
2011-09-28,"A0 01 03 C0 00 20 ED FA",1,"WB19_2","A","S3"
2011-09-28,"A0 01 03 C0 00 20 ED FA",1,"WB19_2","A","S3"
2011-09-29,"A0 01 03 C0 00 20 ED FA",2,"WB19_2","A","S1"
2011-09-29,"A0 01 03 C0 00 20 ED FA",2,"WB19_2","A","S1"
2011-09-30,"A0 01 03 C0 00 20 ED FA",3,"WB19_2","A","S3"
2011-09-30,"A0 01 03 C0 00 20 ED FA",3,"WB19_2","A","S3"
2011-10-01,"A0 01 03 C0 00 20 ED FA",2,"WB19_2","A","S2"
2011-10-01,"A0 01 03 C0 00 20 ED FA",1,"WB19_2","A","S2"
2011-09-24,"A0 01 03 C0 00 20 F5 13",2,"WB16_2","B","S1"
2011-09-27,"A0 01 03 C0 00 20 F5 13",0,"WB16_2","B",NA
2011-09-27,"A0 01 03 C0 00 20 F5 ED",1,"WB16_2","B","S1"
2011-10-01,"A0 01 03 C0 00 20 F5 ED",3,"WB16_2","B","S3"
2011-07-12,"A0 01 03 C0 00 40 26 23",1,"WB18","D","JL2"
2011-07-13,"A0 01 03 C0 00 40 26 23",2,"WB18","D","AU3"
2011-07-13,"A0 01 03 C0 00 40 26 23",3,"WB18","D","AU2"
2011-07-13,"A0 01 03 C0 00 40 26 23",3,"WB18","D","JL1"
2011-07-14,"A0 01 03 C0 00 40 26 23",2,"WB18","D","AU2"
2011-07-15,"A0 01 03 C0 00 40 26 23",3,"WB18","D","AU2"
2011-07-18,"A0 01 03 C0 00 40 26 23",0,"WB18","D",NA
2011-07-19,"A0 01 03 C0 00 40 26 23",0,"WB18","D",NA
2011-07-14,"A0 01 03 C0 00 40 26 7D",3,"WB18","D","AU1"
2011-07-22,"A0 01 03 C0 00 40 33 00",3,"WB04","B","AU2"
2011-07-06,"A0 01 03 C0 00 40 33 43",3,"WB12","B","JL1"
2011-07-07,"A0 01 03 C0 00 40 33 43",0,"WB12","B",NA
2011-07-09,"A0 01 03 C0 00 40 33 43",2,"WB12","B","JL1"
2011-07-08,"A0 01 03 C0 00 40 33 6B",2,"WB04","B","AU3"
2011-07-08,"A0 01 03 C0 00 40 33 6B",1,"WB04","B","AU3"
2011-07-11,"A0 01 03 C0 00 40 33 6B",1,"WB04","B","AU2"
2011-07-12,"A0 01 03 C0 00 40 33 6B",3,"WB04","B","JL3"
2011-07-13,"A0 01 03 C0 00 40 33 6B",1,"WB04","B","JL3"
2011-07-13,"A0 01 03 C0 00 40 41 0E",0,"WB18","D",NA
2011-07-14,"A0 01 03 C0 00 40 41 0E",1,"WB18","D","AU3"
2011-07-14,"A0 01 03 C0 00 40 41 0E",1,"WB18","D","AU3"
2011-07-16,"A0 01 03 C0 00 40 41 0E",0,"WB18","D",NA
2011-07-18,"A0 01 03 C0 00 40 41 0E",0,"WB18","D",NA
2011-07-18,"A0 01 03 C0 00 40 41 0E",0,"WB18","D",NA
2011-07-18,"A0 01 03 C0 00 40 41 0E",0,"WB18","D",NA
2011-07-18,"A0 01 03 C0 00 40 41 0E",0,"WB18","D",NA
2011-07-18,"A0 01 03 C0 00 40 41 0E",0,"WB18","D",NA
2011-07-19,"A0 01 03 C0 00 40 41 0E",1,"WB18","D","AU3"
2011-07-21,"A0 01 03 C0 00 40 41 0E",1,"WB18","D","AU3"
2011-07-27,"A0 01 03 C0 00 40 41 0E",1,"WB18","D","AU3"
2011-07-28,"A0 01 03 C0 00 40 41 0E",2,"WB18","D","AU3"
2011-07-29,"A0 01 03 C0 00 40 41 0E",0,"WB18","D",NA
2011-07-11,"A0 01 03 C0 00 40 41 68",3,"WB05","C","JL3"
2011-07-11,"A0 01 03 C0 00 40 41 68",3,"WB05","C","JL3"
2011-07-12,"A0 01 03 C0 00 40 41 68",2,"WB05","C","JL1"
2011-07-13,"A0 01 03 C0 00 40 41 68",2,"WB05","C","JL1"
2011-07-14,"A0 01 03 C0 00 40 41 68",3,"WB05","C","AU2"
2011-07-14,"A0 01 03 C0 00 40 41 68",3,"WB05","C","JL1"
2011-07-15,"A0 01 03 C0 00 40 41 68",0,"WB05","C",NA
2011-07-12,"A0 01 03 C0 00 40 41 93",0,"WB18","D",NA
2011-07-12,"A0 01 03 C0 00 40 41 93",0,"WB18","D",NA
2011-07-13,"A0 01 03 C0 00 40 41 93",1,"WB18","D","AU3"
2011-07-14,"A0 01 03 C0 00 40 41 93",1,"WB18","D","JL4"
2011-07-15,"A0 01 03 C0 00 40 41 93",1,"WB18","D","JL1"
2011-07-18,"A0 01 03 C0 00 40 41 93",0,"WB18","D",NA
2011-07-18,"A0 01 03 C0 00 40 41 93",1,"WB18","D","AU3"
2011-07-19,"A0 01 03 C0 00 40 41 93",1,"WB18","D","AU3"
2011-07-19,"A0 01 03 C0 00 40 41 93",1,"WB18","D","AU3"
2011-07-19,"A0 01 03 C0 00 40 41 93",0,"WB18","D",NA
2011-07-19,"A0 01 03 C0 00 40 41 93",0,"WB18","D",NA
2011-07-20,"A0 01 03 C0 00 40 41 93",0,"WB18","D",NA
2011-07-20,"A0 01 03 C0 00 40 41 93",2,"WB18","D","AU3"
2011-07-20,"A0 01 03 C0 00 40 41 93",3,"WB18","D","AU3"
2011-07-20,"A0 01 03 C0 00 40 41 93",2,"WB18","D","AU3"
2011-07-22,"A0 01 03 C0 00 40 41 93",1,"WB18","D","AU3"
2011-07-22,"A0 01 03 C0 00 40 41 93",0,"WB18","D",NA
2011-07-23,"A0 01 03 C0 00 40 41 93",0,"WB18","D",NA
2011-07-25,"A0 01 03 C0 00 40 41 93",3,"WB18","D","AU3"
2011-07-26,"A0 01 03 C0 00 40 41 93",0,"WB18","D",NA
2011-07-28,"A0 01 03 C0 00 40 41 93",0,"WB18","D",NA
2011-07-28,"A0 01 03 C0 00 40 41 93",0,"WB18","D",NA
2011-07-29,"A0 01 03 C0 00 40 41 93",0,"WB18","D",NA
2011-07-29,"A0 01 03 C0 00 40 41 93",0,"WB18","D",NA
2011-07-21,"A0 01 03 C0 00 40 C1 08",0,"WB04","B",NA
2011-07-27,"A0 01 03 C0 00 40 C1 08",0,"WB04","B",NA
2011-07-28,"A0 01 03 C0 00 40 C6 97",2,"WB13","C","AU6"
2011-07-11,"A0 01 03 C0 00 40 C6 A7",2,"WB04","B","AU2"
2011-07-12,"A0 01 03 C0 00 40 C6 A7",2,"WB04","B","JL1"
2011-07-20,"A0 01 03 C0 00 A0 00 85",0,"WB18","D",NA
2011-07-20,"A0 01 03 C0 00 A0 00 85",2,"WB18","D","AU1/7"
2011-07-26,"A0 01 03 C0 00 A0 00 85",0,"WB18","D",NA
2011-07-27,"A0 01 03 C0 00 A0 00 85",0,"WB18","D",NA
2011-07-29,"A0 01 03 C0 00 A0 00 85",3,"WB18","D","AU3"
2011-07-25,"A0 01 03 C0 00 A0 20 7F",2,"WB02","D","AU3"
2011-07-26,"A0 01 03 C0 00 A0 20 7F",0,"WB02","D",NA
2011-07-28,"A0 01 03 C0 00 A0 20 7F",0,"WB02","D",NA
2011-07-19,"A0 01 03 C0 00 A0 28 83",3,"WB17","C","AU2"
2011-07-19,"A0 01 03 C0 00 A0 28 83",3,"WB17","C","AU2"
2011-07-20,"A0 01 03 C0 00 A0 28 83",3,"WB17","C","AU2"
2011-07-21,"A0 01 03 C0 00 A0 28 83",3,"WB17","C","AU1"
2011-07-22,"A0 01 03 C0 00 A0 28 83",3,"WB17","C","AU2"
2011-07-26,"A0 01 03 C0 00 A0 28 85",0,"WB20","B",NA
2011-07-27,"A0 01 03 C0 00 A0 28 85",0,"WB20","B",NA
2011-07-22,"A0 01 03 C0 00 A0 28 8D",3,"WB04","B","AU3"
2011-07-22,"A0 01 03 C0 00 A0 28 8D",3,"WB04","B","AU2"
2011-09-08,"A0 01 03 C0 00 A0 28 90",0,"WB16_2","B",NA
2011-07-23,"A0 01 03 C0 00 A0 28 93",2,"WB20","B","AU1"
2011-07-28,"A0 01 03 C0 00 A0 28 93",2,"WB20","B","AU2"
2011-07-29,"A0 01 03 C0 00 A0 28 93",1,"WB20","B","AU1"
2011-07-29,"A0 01 03 C0 00 A0 28 93",1,"WB20","B","AU1"
2011-07-29,"A0 01 03 C0 00 A0 28 96",3,"WB08","B","AU3"
2011-07-22,"A0 01 03 C0 00 A0 28 AC",0,"WB19","A",NA
2011-07-27,"A0 01 03 C0 00 A0 28 AC",0,"WB19","A",NA
2011-07-28,"A0 01 03 C0 00 A0 28 AC",0,"WB19","A",NA
2011-07-30,"A0 01 03 C0 00 A0 28 AC",2,"WB19","A","AU2"
2011-07-19,"A0 01 03 C0 00 A0 28 B3",0,"WB04","B",NA
2011-07-20,"A0 01 03 C0 00 A0 28 B3",2,"WB04","B","JL3"
2011-07-27,"A0 01 03 C0 00 A0 28 B5",3,"WB08","B","AU6"
2011-07-27,"A0 01 03 C0 00 A0 28 B5",1,"WB08","B","AU2"
2011-07-28,"A0 01 03 C0 00 A0 28 B5",0,"WB08","B",NA
2011-07-29,"A0 01 03 C0 00 A0 28 B6",2,"WB11","A","whitish creamy"
2011-07-28,"A0 01 03 C0 00 A0 28 B8",2,"WB07","A","AU2"
2011-07-28,"A0 01 03 C0 00 A0 28 B8",3,"WB07","A","AU2"
2011-07-29,"A0 01 03 C0 00 A0 28 BC",0,"WB19","A",NA
2011-07-16,"A0 01 03 C0 00 A0 28 C3",2,"WB18","D","AU2"
2011-07-16,"A0 01 03 C0 00 A0 28 C3",3,"WB18","D","AU2"
2011-07-20,"A0 01 03 C0 00 A0 28 C3",0,"WB18","D",NA
2011-07-21,"A0 01 03 C0 00 A0 28 C3",2,"WB18","D","AU1"
2011-07-21,"A0 01 03 C0 00 A0 28 C3",1,"WB18","D","JL1"
2011-07-22,"A0 01 03 C0 00 A0 28 C3",1,"WB18","D","AU7"
2011-07-23,"A0 01 03 C0 00 A0 28 C3",2,"WB18","D","A2"
2011-07-28,"A0 01 03 C0 00 A0 28 C3",1,"WB18","D","AU1"
2011-07-30,"A0 01 03 C0 00 A0 28 C3",0,"WB18","D",NA
2011-07-30,"A0 01 03 C0 00 A0 28 C3",0,"WB18","D",NA
2011-07-30,"A0 01 03 C0 00 A0 28 C3",0,"WB18","D",NA
2011-07-18,"A0 01 03 C0 00 A0 28 D2",1,"WB14","D","AU2"
2011-07-26,"A0 01 03 C0 00 A0 28 D2",0,"WB14","D",NA
2011-07-28,"A0 01 03 C0 00 A0 28 D2",0,"WB14","D",NA
2011-07-26,"A0 01 03 C0 00 A0 28 DB",2,"WB07","A","AU2"
2011-07-27,"A0 01 03 C0 00 A0 28 DB",3,"WB07","A","AU6"
2011-07-28,"A0 01 03 C0 00 A0 28 DB",3,"WB07","A","AU5/6"
2011-07-30,"A0 01 03 C0 00 A0 28 DF",0,"WB20","B",NA
2011-09-07,"A0 01 03 C0 00 A0 28 E0",0,"WB04_2","B",NA
2011-07-18,"A0 01 03 C0 00 A0 28 E2",0,"WB17","C",NA
2011-07-20,"A0 01 03 C0 00 A0 28 E2",2,"WB17","C","AU2"
2011-07-20,"A0 01 03 C0 00 A0 28 E2",2,"WB17","C","AU3"
2011-07-20,"A0 01 03 C0 00 A0 28 E2",3,"WB17","C","AU2"
2011-07-22,"A0 01 03 C0 00 A0 28 E2",2,"WB17","C","AU3"
2011-07-23,"A0 01 03 C0 00 A0 28 E2",3,"WB17","C","AU2"
2011-07-25,"A0 01 03 C0 00 A0 28 E2",3,"WB17","C","AU3"
2011-07-27,"A0 01 03 C0 00 A0 28 E2",3,"WB17","C","AU3"
2011-07-29,"A0 01 03 C0 00 A0 28 E7",1,"WB01","C","AU1"
2011-07-16,"A0 01 03 C0 00 A0 28 EA",1,"WB19","A","AU1"
2011-07-20,"A0 01 03 C0 00 A0 28 EA",3,"WB19","A","JL3"
2011-07-21,"A0 01 03 C0 00 A0 28 EA",1,"WB19","A","AU1"
2011-07-22,"A0 01 03 C0 00 A0 28 EA",3,"WB19","A","AU2"
2011-07-22,"A0 01 03 C0 00 A0 28 EA",3,"WB19","A","AU2"
2011-07-23,"A0 01 03 C0 00 A0 28 EA",3,"WB19","A","AU2"
2011-07-23,"A0 01 03 C0 00 A0 28 EA",3,"WB19","A","AU2"
2011-07-28,"A0 01 03 C0 00 A0 28 EC",2,"WB08","B","AU2"
2011-07-29,"A0 01 03 C0 00 A0 28 EC",2,"WB08","B","AU3"
2011-07-21,"A0 01 03 C0 00 A0 28 F2",2,"WB20","B","AU3"
2011-07-21,"A0 01 03 C0 00 A0 28 F2",3,"WB20","B","AU3"
2011-07-22,"A0 01 03 C0 00 A0 28 F2",2,"WB20","B","AU3"
2011-07-23,"A0 01 03 C0 00 A0 28 F2",3,"WB20","B","AU2"
2011-07-19,"A0 01 03 C0 00 A0 28 FC",0,"WB17","C",NA
2011-07-20,"A0 01 03 C0 00 A0 28 FC",0,"WB17","C",NA
2011-07-21,"A0 01 03 C0 00 A0 28 FC",0,"WB17","C",NA
2011-07-22,"A0 01 03 C0 00 A0 28 FC",0,"WB17","C",NA
2011-07-27,"A0 01 03 C0 00 A0 28 FC",0,"WB17","C",NA
2011-07-27,"A0 01 03 C0 00 A0 30 35",2,"WB18","D","AU7"
2011-07-20,"A0 01 03 C0 00 A0 30 3F",3,"WB06","D","AU3"
2011-07-20,"A0 01 03 C0 00 A0 30 3F",3,"WB06","D","JL1"
2011-07-21,"A0 01 03 C0 00 A0 30 3F",0,"WB06","D",NA
2011-07-22,"A0 01 03 C0 00 A0 30 3F",0,"WB06","D",NA
2011-07-29,"A0 01 03 C0 00 A0 30 69",0,"WB18","D",NA
2011-07-27,"A0 01 03 C0 00 A0 30 70",0,"WB02","D",NA
2011-07-27,"A0 01 03 C0 00 A0 30 70",0,"WB02","D",NA
2011-07-29,"A0 01 03 C0 00 A0 30 70",0,"WB02","D",NA
2011-07-29,"A0 01 03 C0 00 A0 30 70",0,"WB02","D",NA
2011-07-29,"A0 01 03 C0 00 A0 30 70",0,"WB02","D",NA
2011-07-29,"A0 01 03 C0 00 A0 30 70",0,"WB02","D",NA
2011-07-18,"A0 01 03 C0 00 A0 40 30",1,"WB07","A","JL1"
2011-07-18,"A0 01 03 C0 00 A0 40 30",2,"WB07","A","JL1"
2011-07-19,"A0 01 03 C0 00 A0 40 30",3,"WB07","A","AU2"
2011-07-19,"A0 01 03 C0 00 A0 40 30",3,"WB07","A","AU2"
2011-07-20,"A0 01 03 C0 00 A0 40 30",3,"WB07","A","AU2"
2011-07-21,"A0 01 03 C0 00 A0 40 30",3,"WB07","A","AU2"
2011-07-25,"A0 01 03 C0 00 A0 40 40",0,"WB02","D",NA
2011-07-26,"A0 01 03 C0 00 A0 40 40",0,"WB02","D",NA
2011-07-29,"A0 01 03 C0 00 A0 40 40",0,"WB02","D",NA
2011-07-28,"A0 01 03 C0 00 A0 40 DE",0,"WB18","D",NA
2011-07-29,"A0 01 03 C0 00 A0 40 DE",0,"WB18","D",NA
2011-07-29,"A0 01 03 C0 00 A0 40 DE",2,"WB18","D","AU3"
2011-07-30,"A0 01 03 C0 00 A0 40 DE",1,"WB18","D","AU3"
2011-07-26,"A0 01 03 C0 00 A0 48 95",1,"WB19","A","AU7"
2011-07-27,"A0 01 03 C0 00 A0 48 95",2,"WB19","A","AU1/JL7"
2011-07-28,"A0 01 03 C0 00 A0 48 95",2,"WB19","A","AU7"
2011-07-29,"A0 01 03 C0 00 A0 48 95",1,"WB19","A","AU4"
2011-07-25,"A0 01 03 C0 00 A0 48 9B",0,"WB02","D",NA
2011-07-28,"A0 01 03 C0 00 A0 48 9B",0,"WB02","D",NA
2011-07-19,"A0 01 03 C0 00 A0 48 AB",0,"WB02","D",NA
2011-07-20,"A0 01 03 C0 00 A0 48 AB",2,"WB02","D","?"
2011-07-21,"A0 01 03 C0 00 A0 48 AB",1,"WB02","D","JL3"
2011-07-22,"A0 01 03 C0 00 A0 48 AB",0,"WB02","D",NA
2011-07-22,"A0 01 03 C0 00 A0 48 AB",3,"WB02","D","JL6"
2011-07-20,"A0 01 03 C0 00 A0 48 AD",3,"WB08","B","AU3"
2011-07-22,"A0 01 03 C0 00 A0 48 AD",0,"WB08","B",NA
2011-07-22,"A0 01 03 C0 00 A0 48 AD",3,"WB08","B","AU2"
2011-07-23,"A0 01 03 C0 00 A0 48 AD",3,"WB08","B","AU2"
2011-07-25,"A0 01 03 C0 00 A0 48 AD",0,"WB08","B",NA
2011-07-25,"A0 01 03 C0 00 A0 48 AD",3,"WB08","B","AU3"
2011-07-26,"A0 01 03 C0 00 A0 48 AD",0,"WB08","B",NA
2011-07-27,"A0 01 03 C0 00 A0 48 AD",2,"WB08","B","AU2"
2011-07-28,"A0 01 03 C0 00 A0 48 AD",2,"WB08","B","AU2"
2011-07-29,"A0 01 03 C0 00 A0 48 AD",3,"WB08","B","AU3"
2011-07-29,"A0 01 03 C0 00 A0 48 AD",2,"WB08","B","AU2"
2011-07-30,"A0 01 03 C0 00 A0 48 AD",0,"WB08","B",NA
2011-07-29,"A0 01 03 C0 00 A0 48 B5",0,"WB19","A",NA
2011-07-19,"A0 01 03 C0 00 A0 48 B7",1,"WB04","B","?"
2011-07-22,"A0 01 03 C0 00 A0 48 B7",3,"WB04","B","AU3"
2011-07-22,"A0 01 03 C0 00 A0 48 B7",2,"WB04","B","AU3"
2011-07-26,"A0 01 03 C0 00 A0 48 B7",0,"WB04","B",NA
2011-07-28,"A0 01 03 C0 00 A0 48 B7",0,"WB04","B",NA
2011-07-29,"A0 01 03 C0 00 A0 48 B7",0,"WB04","B",NA
2011-07-29,"A0 01 03 C0 00 A0 48 B7",0,"WB04","B",NA
2011-07-19,"A0 01 03 C0 00 A0 48 CB",3,"WB01","C","AU2"
2011-07-19,"A0 01 03 C0 00 A0 48 CB",3,"WB01","C","AU2"
2011-07-20,"A0 01 03 C0 00 A0 48 CB",3,"WB01","C","JL1"
2011-07-21,"A0 01 03 C0 00 A0 48 CB",3,"WB01","C","AU1"
2011-07-21,"A0 01 03 C0 00 A0 48 CB",1,"WB01","C","AU1"
2011-07-22,"A0 01 03 C0 00 A0 48 CB",3,"WB01","C","AU2"
2011-07-25,"A0 01 03 C0 00 A0 48 CB",3,"WB01","C","AU2"
2011-07-26,"A0 01 03 C0 00 A0 48 CB",3,"WB01","C","AU2"
2011-07-27,"A0 01 03 C0 00 A0 48 CB",3,"WB01","C","AU2"
2011-07-27,"A0 01 03 C0 00 A0 48 CB",3,"WB01","C","AU2"
2011-07-28,"A0 01 03 C0 00 A0 48 CB",3,"WB01","C","AU2"
2011-07-29,"A0 01 03 C0 00 A0 48 CB",3,"WB01","C","AU1"
2011-07-28,"A0 01 03 C0 00 A0 48 D5",0,"WB20","B",NA
2011-07-22,"A0 01 03 C0 00 A0 48 DB",1,"WB20","B","AU1"
2011-07-23,"A0 01 03 C0 00 A0 48 DB",3,"WB20","B","AU2"
2011-07-26,"A0 01 03 C0 00 A0 48 F5",0,"WB20","B",NA
2011-07-27,"A0 01 03 C0 00 A0 48 FD",0,"WB16","B",NA
2011-07-29,"A0 01 03 C0 00 A0 48 FD",0,"WB16","B",NA
2011-07-14,"A0 01 03 C0 00 A0 68 0B",2,"WB04","B","AU1"
2011-07-09,"A0 01 03 C0 00 A0 68 12",2,"WB18","D","JL1"
2011-07-14,"A0 01 03 C0 00 A0 68 12",2,"WB18","D","AU3"
2011-07-14,"A0 01 03 C0 00 A0 68 12",0,"WB18","D",NA
2011-07-15,"A0 01 03 C0 00 A0 68 12",2,"WB18","D","AU2"
2011-07-19,"A0 01 03 C0 00 A0 68 13",1,"WB18","D","AU2"
2011-07-20,"A0 01 03 C0 00 A0 68 13",0,"WB18","D",NA
2011-07-21,"A0 01 03 C0 00 A0 68 13",0,"WB18","D",NA
2011-07-22,"A0 01 03 C0 00 A0 68 13",1,"WB18","D","AU1"
2011-07-22,"A0 01 03 C0 00 A0 68 13",0,"WB18","D",NA
2011-07-26,"A0 01 03 C0 00 A0 68 13",0,"WB18","D",NA
2011-07-26,"A0 01 03 C0 00 A0 68 13",0,"WB18","D",NA
2011-07-26,"A0 01 03 C0 00 A0 68 13",0,"WB18","D",NA
2011-07-27,"A0 01 03 C0 00 A0 68 13",0,"WB18","D",NA
2011-07-27,"A0 01 03 C0 00 A0 68 13",0,"WB18","D",NA
2011-07-27,"A0 01 03 C0 00 A0 68 13",0,"WB18","D",NA
2011-07-28,"A0 01 03 C0 00 A0 68 13",0,"WB18","D",NA
2011-07-28,"A0 01 03 C0 00 A0 68 13",0,"WB18","D",NA
2011-07-28,"A0 01 03 C0 00 A0 68 13",0,"WB18","D",NA
2011-07-29,"A0 01 03 C0 00 A0 68 13",0,"WB18","D",NA
2011-07-29,"A0 01 03 C0 00 A0 68 13",0,"WB18","D",NA
2011-07-30,"A0 01 03 C0 00 A0 68 13",0,"WB18","D",NA
2011-07-30,"A0 01 03 C0 00 A0 68 13",0,"WB18","D",NA
2011-07-30,"A0 01 03 C0 00 A0 68 13",0,"WB18","D",NA
2011-07-30,"A0 01 03 C0 00 A0 68 13",0,"WB18","D",NA
2011-07-30,"A0 01 03 C0 00 A0 68 13",0,"WB18","D",NA
2011-07-21,"A0 01 03 C0 00 A0 68 23",2,"WB18","D","AU1"
2011-07-21,"A0 01 03 C0 00 A0 68 23",2,"WB18","D","AU1"
2011-07-21,"A0 01 03 C0 00 A0 68 23",3,"WB18","D","AU2"
2011-07-22,"A0 01 03 C0 00 A0 68 23",2,"WB18","D",NA
2011-07-22,"A0 01 03 C0 00 A0 68 23",0,"WB18","D",NA
2011-07-22,"A0 01 03 C0 00 A0 68 23",3,"WB18","D","AU2"
2011-07-26,"A0 01 03 C0 00 A0 68 23",1,"WB18","D","AU1"
2011-07-27,"A0 01 03 C0 00 A0 68 23",0,"WB18","D",NA
2011-07-28,"A0 01 03 C0 00 A0 68 23",0,"WB18","D",NA
2011-07-28,"A0 01 03 C0 00 A0 68 23",0,"WB18","D",NA
2011-07-28,"A0 01 03 C0 00 A0 68 23",0,"WB18","D",NA
2011-07-29,"A0 01 03 C0 00 A0 68 23",0,"WB18","D",NA
2011-07-29,"A0 01 03 C0 00 A0 68 23",1,"WB18","D","JL2"
2011-07-30,"A0 01 03 C0 00 A0 68 23",0,"WB18","D",NA
2011-07-20,"A0 01 03 C0 00 A0 68 26",1,"WB07","A","AU1"
2011-07-21,"A0 01 03 C0 00 A0 68 26",0,"WB07","A",NA
2011-07-15,"A0 01 03 C0 00 A0 68 27",0,"WB02","D",NA
2011-07-18,"A0 01 03 C0 00 A0 68 27",3,"WB02","D","AU2"
2011-07-19,"A0 01 03 C0 00 A0 68 27",1,"WB02","D","AU1"
2011-07-20,"A0 01 03 C0 00 A0 68 27",3,"WB02","D","JL1"
2011-07-30,"A0 01 03 C0 00 A0 68 2A",0,"WB07","A",NA
2011-07-12,"A0 01 03 C0 00 A0 68 32",2,"WB12","B","JL3"
2011-07-13,"A0 01 03 C0 00 A0 68 32",2,"WB12","B","AU3"
2011-07-13,"A0 01 03 C0 00 A0 68 32",2,"WB12","B","AU3"
2011-07-18,"A0 01 03 C0 00 A0 68 37",3,"WB06","D","JL3"
2011-07-19,"A0 01 03 C0 00 A0 68 37",0,"WB06","D",NA
2011-07-20,"A0 01 03 C0 00 A0 68 37",3,"WB06","D","AU1"
2011-07-20,"A0 01 03 C0 00 A0 68 37",2,"WB06","D","AU3"
2011-07-21,"A0 01 03 C0 00 A0 68 37",0,"WB06","D",NA
2011-07-20,"A0 01 03 C0 00 A0 68 43",0,"WB03","A",NA
2011-07-22,"A0 01 03 C0 00 A0 68 43",2,"WB03","A","JL7"
2011-07-27,"A0 01 03 C0 00 A0 68 43",2,"WB03","A","AU5"
2011-07-14,"A0 01 03 C0 00 A0 68 46",0,"WB16","B",NA
2011-07-15,"A0 01 03 C0 00 A0 68 46",0,"WB16","B",NA
2011-07-13,"A0 01 03 C0 00 A0 68 4B",3,"WB02","D","JL3"
2011-07-15,"A0 01 03 C0 00 A0 68 4B",3,"WB02","D","AU3"
2011-07-18,"A0 01 03 C0 00 A0 68 4B",3,"WB02","D","AU3"
2011-07-20,"A0 01 03 C0 00 A0 68 4B",3,"WB02","D","JL3"
2011-07-21,"A0 01 03 C0 00 A0 68 4B",0,"WB02","D",NA
2011-07-21,"A0 01 03 C0 00 A0 68 4B",0,"WB02","D",NA
2011-07-21,"A0 01 03 C0 00 A0 68 4B",0,"WB02","D",NA
2011-07-22,"A0 01 03 C0 00 A0 68 4B",3,"WB02","D","AU3"
2011-07-25,"A0 01 03 C0 00 A0 68 4B",3,"WB02","D","JL3"
2011-07-26,"A0 01 03 C0 00 A0 68 4B",0,"WB02","D",NA
2011-07-27,"A0 01 03 C0 00 A0 68 4B",3,"WB02","D","AU3"
2011-07-28,"A0 01 03 C0 00 A0 68 4B",0,"WB02","D",NA
2011-07-29,"A0 01 03 C0 00 A0 68 4B",2,"WB02","D","AU2"
2011-07-20,"A0 01 03 C0 00 A0 68 4F",3,"WB02","D","JL3"
2011-07-22,"A0 01 03 C0 00 A0 68 4F",3,"WB02","D","AU3"
2011-07-25,"A0 01 03 C0 00 A0 68 4F",2,"WB02","D","JL3"
2011-07-27,"A0 01 03 C0 00 A0 68 4F",3,"WB02","D","AU6/7"
2011-07-28,"A0 01 03 C0 00 A0 68 4F",0,"WB02","D",NA
2011-07-20,"A0 01 03 C0 00 A0 68 57",0,"WB02","D",NA
2011-07-26,"A0 01 03 C0 00 A0 68 57",0,"WB02","D",NA
2011-07-26,"A0 01 03 C0 00 A0 68 57",0,"WB02","D",NA
2011-07-28,"A0 01 03 C0 00 A0 68 57",0,"WB02","D",NA
2011-07-29,"A0 01 03 C0 00 A0 68 57",0,"WB02","D",NA
2011-07-29,"A0 01 03 C0 00 A0 68 57",2,"WB02","D","AU7"
2011-07-19,"A0 01 03 C0 00 A0 68 5E",2,"WB10","D","JL1"
2011-07-29,"A0 01 03 C0 00 A0 68 5E",1,"WB10","D","AU7"
2011-07-15,"A0 01 03 C0 00 A0 68 6A",3,"WB04","B","AU3"
2011-07-20,"A0 01 03 C0 00 A0 68 6A",3,"WB04","B","AU2"
2011-07-21,"A0 01 03 C0 00 A0 68 6A",0,"WB04","B",NA
2011-07-22,"A0 01 03 C0 00 A0 68 6A",2,"WB04","B","AU3"
2011-07-15,"A0 01 03 C0 00 A0 68 72",2,"WB12","B","AU1"
2011-07-19,"A0 01 03 C0 00 A0 68 77",1,"WB02","D","AU3"
2011-07-19,"A0 01 03 C0 00 A0 68 77",0,"WB02","D",NA
2011-07-19,"A0 01 03 C0 00 A0 68 77",0,"WB02","D",NA
2011-07-20,"A0 01 03 C0 00 A0 68 77",3,"WB02","D","AU2"
2011-07-21,"A0 01 03 C0 00 A0 68 77",2,"WB02","D","AU2"
2011-07-21,"A0 01 03 C0 00 A0 68 77",0,"WB02","D",NA
2011-07-22,"A0 01 03 C0 00 A0 68 77",3,"WB02","D","AU3"
2011-07-23,"A0 01 03 C0 00 A0 68 77",0,"WB02","D",NA
2011-07-25,"A0 01 03 C0 00 A0 68 77",2,"WB02","D","AU2"
2011-07-25,"A0 01 03 C0 00 A0 68 77",2,"WB02","D","JL3"
2011-07-25,"A0 01 03 C0 00 A0 68 77",2,"WB02","D","JL3"
2011-07-27,"A0 01 03 C0 00 A0 68 77",0,"WB02","D",NA
2011-07-27,"A0 01 03 C0 00 A0 68 77",0,"WB02","D",NA
2011-07-30,"A0 01 03 C0 00 A0 68 77",0,"WB02","D",NA
2011-07-20,"A0 01 03 C0 00 A0 68 7B",3,"WB02","D","AU2"
2011-07-26,"A0 01 03 C0 00 A0 68 7B",0,"WB02","D",NA
2011-07-26,"A0 01 03 C0 00 A0 68 7B",0,"WB02","D",NA
2011-07-26,"A0 01 03 C0 00 A0 68 7B",0,"WB02","D",NA
2011-07-26,"A0 01 03 C0 00 A0 68 7B",0,"WB02","D",NA
2011-07-27,"A0 01 03 C0 00 A0 68 7B",0,"WB02","D",NA
2011-07-28,"A0 01 03 C0 00 A0 68 7B",0,"WB02","D",NA
2011-07-28,"A0 01 03 C0 00 A0 68 7B",0,"WB02","D",NA
2011-07-28,"A0 01 03 C0 00 A0 68 7B",0,"WB02","D",NA
2011-07-28,"A0 01 03 C0 00 A0 68 7B",0,"WB02","D",NA
2011-07-28,"A0 01 03 C0 00 A0 68 7B",0,"WB02","D",NA
2011-07-28,"A0 01 03 C0 00 A0 68 7B",0,"WB02","D",NA
2011-07-18,"A0 01 03 C0 00 A0 68 7E",0,"WB12","B",NA
2011-07-25,"A0 01 03 C0 00 A0 68 7E",3,"WB12","B","AU2"
2011-07-27,"A0 01 03 C0 00 A0 68 7E",1,"WB12","B","AU1"
2011-07-27,"A0 01 03 C0 00 A0 68 7E",2,"WB12","B","AU2"
2011-07-28,"A0 01 03 C0 00 A0 68 7E",1,"WB12","B","White"
2011-07-28,"A0 01 03 C0 00 A0 68 7E",0,"WB12","B",NA
2011-07-28,"A0 01 03 C0 00 A0 68 7E",0,"WB12","B",NA
2011-07-28,"A0 01 03 C0 00 A0 68 7E",1,"WB12","B","AU7"
2011-07-29,"A0 01 03 C0 00 A0 68 7E",1,"WB12","B","AU7"
2011-07-29,"A0 01 03 C0 00 A0 68 7E",1,"WB12","B","AU7"
2011-07-27,"A0 01 03 C0 00 A0 80 01",3,"WB12","B","AU3"
2011-07-28,"A0 01 03 C0 00 A0 80 01",0,"WB12","B",NA
2011-07-25,"A0 01 03 C0 00 A0 80 3D",0,"WB16","B",NA
2011-07-27,"A0 01 03 C0 00 A0 80 3D",1,"WB16","B","AU2"
2011-07-28,"A0 01 03 C0 00 A0 80 3D",2,"WB16","B","AU1"
2011-07-30,"A0 01 03 C0 00 A0 80 3D",0,"WB16","B",NA
2011-07-28,"A0 01 03 C0 00 A0 80 E4",0,"WB04","B",NA
2011-07-30,"A0 01 03 C0 00 A0 80 E4",0,"WB04","B",NA
2011-07-21,"A0 01 03 C0 00 A0 A0 30",1,"WB07","A","JL1"
2011-07-22,"A0 01 03 C0 00 A0 A0 30",1,"WB07","A","AU7"
2011-07-23,"A0 01 03 C0 00 A0 A0 30",2,"WB07","A","JL7"
2011-07-27,"A0 01 03 C0 00 A0 A0 30",3,"WB07","A","AU2"
2011-07-27,"A0 01 03 C0 00 A0 A0 30",0,"WB07","A",NA
2011-07-28,"A0 01 03 C0 00 A0 A0 30",3,"WB07","A","AU2"
2011-07-28,"A0 01 03 C0 00 A0 A0 30",1,"WB07","A","AU2"
2011-07-28,"A0 01 03 C0 00 A0 A0 30",0,"WB07","A",NA
2011-07-29,"A0 01 03 C0 00 A0 A0 30",0,"WB07","A",NA
2011-07-29,"A0 01 03 C0 00 A0 A0 30",0,"WB07","A",NA
2011-07-23,"A0 01 03 C0 00 A0 A0 97",3,"WB19","A","AU3"
2011-07-26,"A0 01 03 C0 00 A0 A0 97",3,"WB19","A","AU3"
2011-07-27,"A0 01 03 C0 00 A0 A0 97",2,"WB19","A","AU3"
2011-07-28,"A0 01 03 C0 00 A0 A0 97",3,"WB19","A","AU3"
2011-07-29,"A0 01 03 C0 00 A0 A0 97",1,"WB19","A","AU3"
2011-07-30,"A0 01 03 C0 00 A0 A0 97",3,"WB19","A","AU2"
2011-07-13,"A0 01 03 C0 00 A0 A8 07",0,"WB04","B",NA
2011-07-13,"A0 01 03 C0 00 A0 A8 07",0,"WB04","B",NA
2011-07-13,"A0 01 03 C0 00 A0 A8 07",0,"WB04","B",NA
2011-07-13,"A0 01 03 C0 00 A0 A8 07",2,"WB04","B","JL3"
2011-07-13,"A0 01 03 C0 00 A0 A8 07",0,"WB04","B",NA
2011-07-15,"A0 01 03 C0 00 A0 A8 07",0,"WB04","B",NA
2011-07-15,"A0 01 03 C0 00 A0 A8 07",0,"WB04","B",NA
2011-07-16,"A0 01 03 C0 00 A0 A8 07",0,"WB04","B",NA
2011-07-18,"A0 01 03 C0 00 A0 A8 27",1,"WB04","B","AU1"
2011-07-19,"A0 01 03 C0 00 A0 A8 27",0,"WB04","B",NA
2011-07-20,"A0 01 03 C0 00 A0 A8 27",1,"WB04","B","JL1"
2011-07-27,"A0 01 03 C0 00 A0 A8 27",2,"WB04","B","AU5/6"
2011-07-28,"A0 01 03 C0 00 A0 A8 27",1,"WB04","B","AU2"
2011-07-20,"A0 01 03 C0 00 A0 A8 37",3,"WB05","C","AU1"
2011-07-21,"A0 01 03 C0 00 A0 A8 37",3,"WB05","C","JL1"
2011-07-22,"A0 01 03 C0 00 A0 A8 37",2,"WB05","C","AU2"
2011-07-25,"A0 01 03 C0 00 A0 A8 37",3,"WB05","C","AU1/7"
2011-07-26,"A0 01 03 C0 00 A0 A8 37",2,"WB05","C","JL7"
2011-07-27,"A0 01 03 C0 00 A0 A8 37",3,"WB05","C","AU1"
2011-07-28,"A0 01 03 C0 00 A0 A8 37",0,"WB05","C",NA
2011-07-13,"A0 01 03 C0 00 A0 A8 46",2,"WB14","D","AU2"
2011-07-13,"A0 01 03 C0 00 A0 A8 46",1,"WB14","D","AU2"
2011-07-18,"A0 01 03 C0 00 A0 A8 46",3,"WB14","D","JL3"
2011-07-18,"A0 01 03 C0 00 A0 A8 46",1,"WB14","D","AU1"
2011-07-19,"A0 01 03 C0 00 A0 A8 46",0,"WB14","D",NA
2011-07-20,"A0 01 03 C0 00 A0 A8 46",0,"WB14","D",NA
2011-07-15,"A0 01 03 C0 00 A0 A8 4E",1,"WB04","B","AU2"
2011-07-20,"A0 01 03 C0 00 A0 A8 4E",3,"WB04","B","AU2"
2011-07-22,"A0 01 03 C0 00 A0 A8 4E",3,"WB04","B","AU3"
2011-07-27,"A0 01 03 C0 00 A0 A8 4E",1,"WB04","B","AU3"
2011-07-20,"A0 01 03 C0 00 A0 A8 4F",2,"WB07","A","AU2"
2011-07-22,"A0 01 03 C0 00 A0 A8 4F",0,"WB07","A",NA
2011-07-26,"A0 01 03 C0 00 A0 A8 4F",2,"WB07","A","AU1"
2011-07-26,"A0 01 03 C0 00 A0 A8 4F",3,"WB07","A","AU1"
2011-07-30,"A0 01 03 C0 00 A0 A8 4F",3,"WB07","A","AU2"
2011-07-29,"A0 01 03 C0 00 A0 A8 53",0,"WB05","C",NA
2011-07-15,"A0 01 03 C0 00 A0 A8 5F",0,"WB03","A",NA
2011-07-16,"A0 01 03 C0 00 A0 A8 5F",3,"WB03","A","AU3"
2011-07-19,"A0 01 03 C0 00 A0 A8 5F",1,"WB03","A","AU2"
2011-07-21,"A0 01 03 C0 00 A0 A8 5F",2,"WB03","A","AU3"
2011-07-25,"A0 01 03 C0 00 A0 A8 76",2,"WB04","B","JL7"
2011-07-21,"A0 01 03 C0 00 A0 A8 82",3,"WB16","B","A2"
2011-07-25,"A0 01 03 C0 00 A0 A8 82",0,"WB16","B",NA
2011-07-27,"A0 01 03 C0 00 A0 A8 82",0,"WB16","B",NA
2011-07-27,"A0 01 03 C0 00 A0 A8 82",0,"WB16","B",NA
2011-07-29,"A0 01 03 C0 00 A0 A8 82",3,"WB16","B","AU3"
2011-07-30,"A0 01 03 C0 00 A0 A8 82",0,"WB16","B",NA
2011-09-09,"A0 01 03 C0 00 A0 A8 90",3,"WB03_2","A","S3"
2011-09-09,"A0 01 03 C0 00 A0 A8 90",3,"WB03_2","A","S3"
2011-07-21,"A0 01 03 C0 00 A0 A8 C2",0,"WB20","B",NA
2011-07-22,"A0 01 03 C0 00 A0 A8 C2",1,"WB20","B","AU2"
2011-07-29,"A0 01 03 C0 00 A0 A8 D8",3,"WB08","B","AU3"
2011-07-21,"A0 01 03 C0 00 A0 A8 EC",1,"WB17","C","AU1/4"
2011-07-22,"A0 01 03 C0 00 A0 A8 EC",2,"WB17","C","JL7"
2011-07-28,"A0 01 03 C0 00 A0 B0 44",2,"WB02","D","AU1"
2011-07-29,"A0 01 03 C0 00 A0 B0 44",3,"WB02","D","AU2"
2011-07-27,"A0 01 03 C0 00 A0 B0 4D",0,"WB20","B",NA
2011-07-27,"A0 01 03 C0 00 A0 B0 55",3,"WB02","D","AU5"
2011-07-27,"A0 01 03 C0 00 A0 B0 55",3,"WB02","D","AU1"
2011-07-28,"A0 01 03 C0 00 A0 B0 55",0,"WB02","D",NA
2011-07-22,"A0 01 03 C0 00 A0 C0 EC",0,"WB16","B",NA
2011-07-26,"A0 01 03 C0 00 A0 C0 EC",0,"WB16","B",NA
2011-07-26,"A0 01 03 C0 00 A0 C0 EC",1,"WB16","B","AU1"
2011-07-26,"A0 01 03 C0 00 A0 C0 EC",0,"WB16","B",NA
2011-07-27,"A0 01 03 C0 00 A0 C0 EC",0,"WB16","B",NA
2011-07-27,"A0 01 03 C0 00 A0 C0 EC",0,"WB16","B",NA
2011-07-27,"A0 01 03 C0 00 A0 C0 EC",3,"WB16","B","AU3"
2011-07-28,"A0 01 03 C0 00 A0 C0 EC",0,"WB16","B",NA
2011-07-28,"A0 01 03 C0 00 A0 C0 EC",1,"WB16","B","AU2"
2011-07-30,"A0 01 03 C0 00 A0 C0 EC",3,"WB16","B","AU3"
2011-07-27,"A0 01 03 C0 00 A0 C8 85",2,"WB03","A","AU1"
2011-07-27,"A0 01 03 C0 00 A0 C8 85",3,"WB03","A","AU1"
2011-07-28,"A0 01 03 C0 00 A0 C8 85",2,"WB03","A","AU2"
2011-07-27,"A0 01 03 C0 00 A0 C8 8C",2,"WB04","B","AU5/6"
2011-07-28,"A0 01 03 C0 00 A0 C8 8C",2,"WB04","B","AU2"
2011-07-29,"A0 01 03 C0 00 A0 C8 8C",0,"WB04","B",NA
2011-07-16,"A0 01 03 C0 00 A0 C8 92",0,"WB18","D",NA
2011-07-18,"A0 01 03 C0 00 A0 C8 92",0,"WB18","D",NA
2011-07-22,"A0 01 03 C0 00 A0 C8 92",0,"WB18","D",NA
2011-07-25,"A0 01 03 C0 00 A0 C8 92",0,"WB18","D",NA
2011-07-26,"A0 01 03 C0 00 A0 C8 92",0,"WB18","D",NA
2011-07-27,"A0 01 03 C0 00 A0 C8 92",0,"WB18","D",NA
2011-07-27,"A0 01 03 C0 00 A0 C8 92",0,"WB18","D",NA
2011-07-27,"A0 01 03 C0 00 A0 C8 92",2,"WB18","D","AU1/7"
2011-07-28,"A0 01 03 C0 00 A0 C8 92",0,"WB18","D",NA
2011-07-28,"A0 01 03 C0 00 A0 C8 92",0,"WB18","D",NA
2011-07-28,"A0 01 03 C0 00 A0 C8 92",0,"WB18","D",NA
2011-07-28,"A0 01 03 C0 00 A0 C8 92",0,"WB18","D",NA
2011-07-29,"A0 01 03 C0 00 A0 C8 92",0,"WB18","D",NA
2011-07-29,"A0 01 03 C0 00 A0 C8 92",0,"WB18","D",NA
2011-07-29,"A0 01 03 C0 00 A0 C8 92",0,"WB18","D",NA
2011-07-30,"A0 01 03 C0 00 A0 C8 92",0,"WB18","D",NA
2011-07-19,"A0 01 03 C0 00 A0 C8 93",1,"WB17","C","AU2"
2011-07-19,"A0 01 03 C0 00 A0 C8 93",3,"WB17","C","AU2"
2011-07-19,"A0 01 03 C0 00 A0 C8 93",0,"WB17","C",NA
2011-07-20,"A0 01 03 C0 00 A0 C8 93",2,"WB17","C","JL1"
2011-07-20,"A0 01 03 C0 00 A0 C8 93",0,"WB17","C",NA
2011-07-20,"A0 01 03 C0 00 A0 C8 93",0,"WB17","C",NA
2011-07-20,"A0 01 03 C0 00 A0 C8 93",0,"WB17","C",NA
2011-07-20,"A0 01 03 C0 00 A0 C8 93",0,"WB17","C",NA
2011-07-21,"A0 01 03 C0 00 A0 C8 93",0,"WB17","C",NA
2011-07-29,"A0 01 03 C0 00 A0 C8 98",1,"WB19","A","AU1"
2011-07-30,"A0 01 03 C0 00 A0 C8 98",0,"WB19","A",NA
2011-07-26,"A0 01 03 C0 00 A0 C8 9C",0,"WB04","B",NA
2011-07-21,"A0 01 03 C0 00 A0 C8 AA",1,"WB20","B","AU1"
2011-07-22,"A0 01 03 C0 00 A0 C8 AA",1,"WB20","B","AY2"
2011-07-23,"A0 01 03 C0 00 A0 C8 AA",0,"WB20","B",NA
2011-07-23,"A0 01 03 C0 00 A0 C8 AA",1,"WB20","B","AU2"
2011-07-30,"A0 01 03 C0 00 A0 C8 AA",0,"WB20","B",NA
2011-07-20,"A0 01 03 C0 00 A0 C8 AC",1,"WB04","B","JL1"
2011-07-29,"A0 01 03 C0 00 A0 C8 AC",0,"WB04","B",NA
2011-07-19,"A0 01 03 C0 00 A0 C8 AD",1,"WB04","B","AU1"
2011-07-20,"A0 01 03 C0 00 A0 C8 AD",2,"WB04","B","JL1"
2011-07-21,"A0 01 03 C0 00 A0 C8 AD",2,"WB04","B","AU1"
2011-07-26,"A0 01 03 C0 00 A0 C8 AD",0,"WB04","B",NA
2011-07-27,"A0 01 03 C0 00 A0 C8 AD",1,"WB04","B","AU1/7"
2011-07-27,"A0 01 03 C0 00 A0 C8 AD",1,"WB04","B","AU3"
2011-07-28,"A0 01 03 C0 00 A0 C8 AD",0,"WB04","B",NA
2011-07-29,"A0 01 03 C0 00 A0 C8 AD",0,"WB04","B",NA
2011-07-30,"A0 01 03 C0 00 A0 C8 AD",0,"WB04","B",NA
2011-07-29,"A0 01 03 C0 00 A0 C8 AF",2,"WB04","B","AU5"
2011-07-16,"A0 01 03 C0 00 A0 C8 BC",0,"WB19","A",NA
2011-07-27,"A0 01 03 C0 00 A0 C8 C3",0,"WB18","D",NA
2011-07-28,"A0 01 03 C0 00 A0 C8 C3",0,"WB18","D",NA
2011-07-29,"A0 01 03 C0 00 A0 C8 C3",2,"WB18","D","AU3"
2011-07-30,"A0 01 03 C0 00 A0 C8 C3",1,"WB18","D","AU7"
2011-07-30,"A0 01 03 C0 00 A0 C8 C3",0,"WB18","D",NA
2011-07-30,"A0 01 03 C0 00 A0 C8 C3",0,"WB18","D",NA
2011-07-30,"A0 01 03 C0 00 A0 C8 C3",0,"WB18","D",NA
2011-07-20,"A0 01 03 C0 00 A0 C8 CC",3,"WB04","B","AU2"
2011-07-20,"A0 01 03 C0 00 A0 C8 CC",3,"WB04","B","JL3"
2011-07-22,"A0 01 03 C0 00 A0 C8 CC",3,"WB04","B","AU3"
2011-07-22,"A0 01 03 C0 00 A0 C8 CC",3,"WB04","B","AU3"
2011-07-27,"A0 01 03 C0 00 A0 C8 CC",3,"WB04","B","AU3"
2011-07-29,"A0 01 03 C0 00 A0 C8 CC",3,"WB04","B","AU2"
2011-07-29,"A0 01 03 C0 00 A0 C8 CC",3,"WB04","B","AU2"
2011-07-20,"A0 01 03 C0 00 A0 C8 DA",0,"WB02","D",NA
2011-07-22,"A0 01 03 C0 00 A0 C8 DA",1,"WB02","D","AU1"
2011-07-26,"A0 01 03 C0 00 A0 C8 DA",0,"WB02","D",NA
2011-07-27,"A0 01 03 C0 00 A0 C8 DA",3,"WB02","D","AU2/AU4"
2011-07-28,"A0 01 03 C0 00 A0 C8 DA",0,"WB02","D",NA
2011-07-21,"A0 01 03 C0 00 A0 C8 E2",0,"WB18","D",NA
2011-07-22,"A0 01 03 C0 00 A0 C8 E2",1,"WB18","D","JL2"
2011-07-26,"A0 01 03 C0 00 A0 C8 E4",0,"WB16","B",NA
2011-07-27,"A0 01 03 C0 00 A0 C8 E4",0,"WB16","B",NA
2011-07-27,"A0 01 03 C0 00 A0 C8 E4",0,"WB16","B",NA
2011-07-28,"A0 01 03 C0 00 A0 C8 E4",3,"WB16","B","AU3"
2011-07-30,"A0 01 03 C0 00 A0 C8 E4",0,"WB16","B",NA
2011-07-29,"A0 01 03 C0 00 A0 C8 E5",3,"WB04","B","AU3"
2011-07-27,"A0 01 03 C0 00 A0 C8 E9",0,"WB20","B",NA
2011-07-30,"A0 01 03 C0 00 A0 C8 E9",0,"WB20","B",NA
2011-07-22,"A0 01 03 C0 00 A0 C8 EA",0,"WB14","D",NA
2011-07-27,"A0 01 03 C0 00 A0 C8 EA",3,"WB14","D","AU2"
2011-07-28,"A0 01 03 C0 00 A0 C8 EA",2,"WB14","D","AU1"
2011-07-21,"A0 01 03 C0 00 A0 C8 EB",0,"WB17","C",NA
2011-07-20,"A0 01 03 C0 00 A0 C8 EC",2,"WB04","B","AU1"
2011-07-22,"A0 01 03 C0 00 A0 C8 EC",3,"WB04","B","AU3"
2011-07-27,"A0 01 03 C0 00 A0 C8 EC",3,"WB04","B","AU3"
2011-07-27,"A0 01 03 C0 00 A0 C8 EC",2,"WB04","B","AU3"
2011-07-29,"A0 01 03 C0 00 A0 C8 EC",2,"WB04","B","AU2"
2011-07-22,"A0 01 03 C0 00 A0 C8 ED",2,"WB11","A","AU2"
2011-07-22,"A0 01 03 C0 00 A0 C8 ED",3,"WB11","A","AU2"
2011-07-23,"A0 01 03 C0 00 A0 C8 ED",3,"WB11","A","AU2"
2011-07-26,"A0 01 03 C0 00 A0 C8 ED",2,"WB11","A","AU2"
2011-07-30,"A0 01 03 C0 00 A0 C8 F1",2,"WB19","A","AU2"
2011-07-22,"A0 01 03 C0 00 A0 C8 F3",1,"WB02","D","AU7"
2011-07-26,"A0 01 03 C0 00 A0 C8 F3",0,"WB02","D",NA
2011-07-29,"A0 01 03 C0 00 A0 C8 F3",0,"WB02","D",NA
2011-07-30,"A0 01 03 C0 00 A0 C8 F3",0,"WB02","D",NA
2011-07-28,"A0 01 03 C0 00 A0 D0 11",0,"WB06","D",NA
2011-07-29,"A0 01 03 C0 00 A0 D0 11",0,"WB06","D",NA
2011-07-29,"A0 01 03 C0 00 A0 D0 11",1,"WB06","D","AU3"
2011-07-25,"A0 01 03 C0 00 A0 D0 29",0,"WB16","B",NA
2011-07-25,"A0 01 03 C0 00 A0 D0 29",0,"WB16","B",NA
2011-07-27,"A0 01 03 C0 00 A0 D0 29",0,"WB16","B",NA
2011-07-26,"A0 01 03 C0 00 A0 D0 47",0,"WB04","B",NA
2011-07-29,"A0 01 03 C0 00 A0 D0 47",0,"WB04","B",NA
2011-07-16,"A0 01 03 C0 00 A0 D8 45",0,"WB18","D",NA
2011-07-19,"A0 01 03 C0 00 A0 D8 45",0,"WB18","D",NA
2011-07-20,"A0 01 03 C0 00 A0 D8 45",0,"WB18","D",NA
2011-07-23,"A0 01 03 C0 00 A0 D8 45",2,"WB18","D","AU2"
2011-07-28,"A0 01 03 C0 00 A0 D8 45",3,"WB18","D","AU1"
2011-07-30,"A0 01 03 C0 00 A0 D8 45",0,"WB18","D",NA
2011-07-18,"A0 01 03 C0 00 A0 E8 05",0,"WB02","D",NA
2011-07-18,"A0 01 03 C0 00 A0 E8 05",0,"WB02","D",NA
2011-07-19,"A0 01 03 C0 00 A0 E8 05",1,"WB02","D","AU2"
2011-07-20,"A0 01 03 C0 00 A0 E8 05",1,"WB02","D","JL1"
2011-07-22,"A0 01 03 C0 00 A0 E8 05",3,"WB02","D","AU7"
2011-07-26,"A0 01 03 C0 00 A0 E8 05",2,"WB02","D","AU1"
2011-07-27,"A0 01 03 C0 00 A0 E8 05",3,"WB02","D","AU7"
2011-07-15,"A0 01 03 C0 00 A0 E8 06",2,"WB02","D","?"
2011-07-20,"A0 01 03 C0 00 A0 E8 06",3,"WB02","D","AU2"
2011-07-25,"A0 01 03 C0 00 A0 E8 06",1,"WB02","D","JL1"
2011-07-28,"A0 01 03 C0 00 A0 E8 06",2,"WB02","D","AU2"
2011-07-15,"A0 01 03 C0 00 A0 E8 12",3,"WB03","A","AU2"
2011-07-15,"A0 01 03 C0 00 A0 E8 12",3,"WB03","A","JL1"
2011-07-18,"A0 01 03 C0 00 A0 E8 1A",1,"WB06","D","AU3"
2011-07-19,"A0 01 03 C0 00 A0 E8 1A",1,"WB06","D","AU2"
2011-07-20,"A0 01 03 C0 00 A0 E8 1A",3,"WB06","D","AU3"
2011-07-22,"A0 01 03 C0 00 A0 E8 1A",0,"WB06","D",NA
2011-07-23,"A0 01 03 C0 00 A0 E8 1A",0,"WB06","D",NA
2011-07-25,"A0 01 03 C0 00 A0 E8 1A",3,"WB06","D","AU3"
2011-07-26,"A0 01 03 C0 00 A0 E8 1A",0,"WB06","D",NA
2011-07-26,"A0 01 03 C0 00 A0 E8 1A",0,"WB06","D",NA
2011-07-27,"A0 01 03 C0 00 A0 E8 1A",3,"WB06","D","AU2"
2011-07-28,"A0 01 03 C0 00 A0 E8 1A",1,"WB06","D","AU3"
2011-07-28,"A0 01 03 C0 00 A0 E8 1A",2,"WB06","D","AU3"
2011-07-28,"A0 01 03 C0 00 A0 E8 1A",0,"WB06","D",NA
2011-07-28,"A0 01 03 C0 00 A0 E8 1A",0,"WB06","D",NA
2011-07-29,"A0 01 03 C0 00 A0 E8 1A",3,"WB06","D","AU3"
2011-07-26,"A0 01 03 C0 00 A0 E8 1C",0,"WB14","D",NA
2011-07-20,"A0 01 03 C0 00 A0 E8 23",2,"WB02","D","JL1"
2011-07-21,"A0 01 03 C0 00 A0 E8 23",1,"WB02","D","AU1"
2011-07-22,"A0 01 03 C0 00 A0 E8 23",2,"WB02","D","AU1/7"
2011-07-26,"A0 01 03 C0 00 A0 E8 23",1,"WB02","D","AU1"
2011-07-27,"A0 01 03 C0 00 A0 E8 23",2,"WB02","D","AU5"
2011-07-27,"A0 01 03 C0 00 A0 E8 23",0,"WB02","D",NA
2011-07-28,"A0 01 03 C0 00 A0 E8 23",2,"WB02","D","AU2"
2011-07-29,"A0 01 03 C0 00 A0 E8 23",0,"WB02","D",NA
2011-07-15,"A0 01 03 C0 00 A0 E8 26",3,"WB02","D","AU2"
2011-07-18,"A0 01 03 C0 00 A0 E8 26",2,"WB02","D","AU7"
2011-07-18,"A0 01 03 C0 00 A0 E8 26",2,"WB02","D","AU2"
2011-07-19,"A0 01 03 C0 00 A0 E8 26",1,"WB02","D","AU1"
2011-07-20,"A0 01 03 C0 00 A0 E8 26",3,"WB02","D","AU1"
2011-07-20,"A0 01 03 C0 00 A0 E8 26",1,"WB02","D","JL1"
2011-07-22,"A0 01 03 C0 00 A0 E8 26",2,"WB02","D","AU1"
2011-07-19,"A0 01 03 C0 00 A0 E8 2B",0,"WB02","D",NA
2011-07-20,"A0 01 03 C0 00 A0 E8 2B",0,"WB02","D",NA
2011-07-22,"A0 01 03 C0 00 A0 E8 2B",0,"WB02","D",NA
2011-07-26,"A0 01 03 C0 00 A0 E8 2B",0,"WB02","D",NA
2011-07-26,"A0 01 03 C0 00 A0 E8 2B",0,"WB02","D",NA
2011-07-27,"A0 01 03 C0 00 A0 E8 2B",0,"WB02","D",NA
2011-07-11,"A0 01 03 C0 00 A0 E8 35",1,"WB18","D","AU2"
2011-07-12,"A0 01 03 C0 00 A0 E8 35",0,"WB18","D",NA
2011-07-14,"A0 01 03 C0 00 A0 E8 35",0,"WB18","D",NA
2011-07-15,"A0 01 03 C0 00 A0 E8 35",0,"WB18","D",NA
2011-07-16,"A0 01 03 C0 00 A0 E8 35",0,"WB18","D",NA
2011-07-16,"A0 01 03 C0 00 A0 E8 35",0,"WB18","D",NA
2011-07-13,"A0 01 03 C0 00 A0 E8 3C",2,"WB01","C","JL2"
2011-07-15,"A0 01 03 C0 00 A0 E8 43",3,"WB17","C","AU1"
2011-07-15,"A0 01 03 C0 00 A0 E8 43",3,"WB17","C","AU1"
2011-07-16,"A0 01 03 C0 00 A0 E8 43",3,"WB17","C","AU2"
2011-07-16,"A0 01 03 C0 00 A0 E8 43",3,"WB17","C","AU1"
2011-07-19,"A0 01 03 C0 00 A0 E8 43",2,"WB17","C","AU2"
2011-07-19,"A0 01 03 C0 00 A0 E8 43",1,"WB17","C","AU1"
2011-07-19,"A0 01 03 C0 00 A0 E8 43",3,"WB17","C","AU1"
2011-07-20,"A0 01 03 C0 00 A0 E8 43",2,"WB17","C","AU2"
2011-07-23,"A0 01 03 C0 00 A0 E8 43",3,"WB17","C","AU2"
2011-07-20,"A0 01 03 C0 00 A0 E8 45",2,"WB02","D","AU2"
2011-07-21,"A0 01 03 C0 00 A0 E8 45",0,"WB02","D",NA
2011-07-21,"A0 01 03 C0 00 A0 E8 45",0,"WB02","D",NA
2011-07-22,"A0 01 03 C0 00 A0 E8 45",3,"WB02","D","AU3"
2011-07-18,"A0 01 03 C0 00 A0 E8 4A",2,"WB02","D","AU1"
2011-07-20,"A0 01 03 C0 00 A0 E8 4A",2,"WB02","D","AU2"
2011-07-21,"A0 01 03 C0 00 A0 E8 4A",0,"WB02","D",NA
2011-07-27,"A0 01 03 C0 00 A0 E8 4A",3,"WB02","D","AU3"
2011-07-16,"A0 01 03 C0 00 A0 E8 52",1,"WB18","D","AU1"
2011-07-19,"A0 01 03 C0 00 A0 E8 52",1,"WB18","D","JL1"
2011-07-19,"A0 01 03 C0 00 A0 E8 52",3,"WB18","D","AU1"
2011-07-19,"A0 01 03 C0 00 A0 E8 52",3,"WB18","D","AU1"
2011-07-20,"A0 01 03 C0 00 A0 E8 52",3,"WB18","D","JL1"
2011-07-21,"A0 01 03 C0 00 A0 E8 52",0,"WB18","D",NA
2011-07-21,"A0 01 03 C0 00 A0 E8 52",0,"WB18","D",NA
2011-07-22,"A0 01 03 C0 00 A0 E8 52",2,"WB18","D","AU1/7"
2011-07-22,"A0 01 03 C0 00 A0 E8 52",2,"WB18","D","AU2"
2011-07-26,"A0 01 03 C0 00 A0 E8 52",0,"WB18","D",NA
2011-07-26,"A0 01 03 C0 00 A0 E8 52",3,"WB18","D","AU1"
2011-07-26,"A0 01 03 C0 00 A0 E8 52",2,"WB18","D","AU1"
2011-07-27,"A0 01 03 C0 00 A0 E8 52",0,"WB18","D",NA
2011-07-27,"A0 01 03 C0 00 A0 E8 52",2,"WB18","D","AU2"
2011-07-28,"A0 01 03 C0 00 A0 E8 52",0,"WB18","D",NA
2011-07-28,"A0 01 03 C0 00 A0 E8 52",0,"WB18","D",NA
2011-07-20,"A0 01 03 C0 00 A0 E8 55",0,"WB18","D",NA
2011-07-21,"A0 01 03 C0 00 A0 E8 55",0,"WB18","D",NA
2011-07-21,"A0 01 03 C0 00 A0 E8 55",0,"WB18","D",NA
2011-07-23,"A0 01 03 C0 00 A0 E8 55",0,"WB18","D",NA
2011-07-14,"A0 01 03 C0 00 A0 E8 5D",1,"WB06","D","JL1"
2011-07-15,"A0 01 03 C0 00 A0 E8 5D",3,"WB06","D","AU1"
2011-07-18,"A0 01 03 C0 00 A0 E8 5D",3,"WB06","D","JL3"
2011-07-19,"A0 01 03 C0 00 A0 E8 5D",1,"WB06","D","AU2"
2011-07-20,"A0 01 03 C0 00 A0 E8 5D",0,"WB06","D",NA
2011-07-20,"A0 01 03 C0 00 A0 E8 5D",3,"WB06","D","AU2"
2011-07-20,"A0 01 03 C0 00 A0 E8 5D",2,"WB06","D","AU1"
2011-07-30,"A0 01 03 C0 00 A0 E8 5D",0,"WB06","D",NA
2011-07-26,"A0 01 03 C0 00 A0 E8 63",0,"WB20","B",NA
2011-07-27,"A0 01 03 C0 00 A0 E8 63",0,"WB20","B",NA
2011-07-27,"A0 01 03 C0 00 A0 E8 63",0,"WB20","B",NA
2011-07-27,"A0 01 03 C0 00 A0 E8 63",0,"WB20","B",NA
2011-07-28,"A0 01 03 C0 00 A0 E8 63",0,"WB20","B",NA
2011-07-28,"A0 01 03 C0 00 A0 E8 63",0,"WB20","B",NA
2011-07-28,"A0 01 03 C0 00 A0 E8 63",0,"WB20","B",NA
2011-07-28,"A0 01 03 C0 00 A0 E8 63",0,"WB20","B",NA
2011-07-29,"A0 01 03 C0 00 A0 E8 63",0,"WB20","B",NA
2011-07-29,"A0 01 03 C0 00 A0 E8 63",0,"WB20","B",NA
2011-07-29,"A0 01 03 C0 00 A0 E8 63",0,"WB20","B",NA
2011-07-30,"A0 01 03 C0 00 A0 E8 63",0,"WB20","B",NA
2011-07-30,"A0 01 03 C0 00 A0 E8 63",0,"WB20","B",NA
2011-07-30,"A0 01 03 C0 00 A0 E8 63",0,"WB20","B",NA
2011-07-20,"A0 01 03 C0 00 A0 E8 65",3,"WB06","D","AU3"
2011-07-20,"A0 01 03 C0 00 A0 E8 65",3,"WB06","D","AU3"
2011-07-21,"A0 01 03 C0 00 A0 E8 65",3,"WB06","D","JL3"
2011-07-22,"A0 01 03 C0 00 A0 E8 65",0,"WB06","D",NA
2011-07-22,"A0 01 03 C0 00 A0 E8 65",2,"WB06","D","AU3"
2011-07-25,"A0 01 03 C0 00 A0 E8 65",3,"WB06","D","AU2"
2011-07-25,"A0 01 03 C0 00 A0 E8 65",2,"WB06","D","AU3"
2011-07-26,"A0 01 03 C0 00 A0 E8 65",0,"WB06","D",NA
2011-07-26,"A0 01 03 C0 00 A0 E8 65",0,"WB06","D",NA
2011-07-27,"A0 01 03 C0 00 A0 E8 65",0,"WB06","D",NA
2011-07-27,"A0 01 03 C0 00 A0 E8 65",3,"WB06","D","AU5"
2011-07-27,"A0 01 03 C0 00 A0 E8 65",0,"WB06","D",NA
2011-07-27,"A0 01 03 C0 00 A0 E8 65",0,"WB06","D",NA
2011-07-29,"A0 01 03 C0 00 A0 E8 65",0,"WB06","D",NA
2011-07-29,"A0 01 03 C0 00 A0 E8 65",3,"WB06","D","AU2"
2011-07-30,"A0 01 03 C0 00 A0 E8 65",0,"WB06","D",NA
2011-07-19,"A0 01 03 C0 00 A0 E8 6A",1,"WB02","D","AU1"
2011-07-15,"A0 01 03 C0 00 A0 E8 6D",2,"WB03","A","AU1"
2011-07-15,"A0 01 03 C0 00 A0 E8 6D",2,"WB03","A","AU1"
2011-07-16,"A0 01 03 C0 00 A0 E8 72",0,"WB06","D",NA
2011-07-18,"A0 01 03 C0 00 A0 E8 72",0,"WB06","D",NA
2011-07-21,"A0 01 03 C0 00 A0 E8 72",0,"WB06","D",NA
2011-07-22,"A0 01 03 C0 00 A0 E8 72",0,"WB06","D",NA
2011-07-23,"A0 01 03 C0 00 A0 E8 72",0,"WB06","D",NA
2011-07-25,"A0 01 03 C0 00 A0 E8 72",0,"WB06","D",NA
2011-07-26,"A0 01 03 C0 00 A0 E8 72",0,"WB06","D",NA
2011-07-26,"A0 01 03 C0 00 A0 E8 72",0,"WB06","D",NA
2011-07-26,"A0 01 03 C0 00 A0 E8 72",0,"WB06","D",NA
2011-07-28,"A0 01 03 C0 00 A0 E8 72",0,"WB06","D",NA
2011-07-15,"A0 01 03 C0 00 A0 E8 73",0,"WB05","C",NA
2011-07-18,"A0 01 03 C0 00 A0 E8 73",0,"WB05","C",NA
2011-07-19,"A0 01 03 C0 00 A0 E8 73",1,"WB05","C","JL1"
2011-07-22,"A0 01 03 C0 00 A0 E8 73",2,"WB05","C","AU7"
2011-07-25,"A0 01 03 C0 00 A0 E8 73",3,"WB05","C","AU4/7"
2011-07-26,"A0 01 03 C0 00 A0 E8 73",2,"WB05","C","AU1"
2011-07-27,"A0 01 03 C0 00 A0 E8 73",3,"WB05","C","AU6"
2011-07-28,"A0 01 03 C0 00 A0 E8 73",3,"WB05","C","AU2"
2011-07-20,"A0 01 03 C0 00 A0 E8 74",0,"WB18","D",NA
2011-07-23,"A0 01 03 C0 00 A0 E8 74",0,"WB18","D",NA
2011-07-26,"A0 01 03 C0 00 A0 E8 74",0,"WB18","D",NA
2011-07-27,"A0 01 03 C0 00 A0 E8 74",0,"WB18","D",NA
2011-07-29,"A0 01 03 C0 00 A0 E8 74",0,"WB18","D",NA
2011-07-29,"A0 01 03 C0 00 A0 E8 74",0,"WB18","D",NA
2011-07-30,"A0 01 03 C0 00 A0 E8 74",0,"WB18","D",NA
2011-07-20,"A0 01 03 C0 00 A0 E8 7A",1,"WB02","D","JL6"
2011-07-27,"A0 01 03 C0 00 A0 E8 7A",3,"WB02","D","AU6/7"
2011-07-28,"A0 01 03 C0 00 A0 E8 7A",3,"WB02","D","AU6"
2011-07-29,"A0 01 03 C0 00 A0 E8 7A",2,"WB02","D","AU7"
2011-07-13,"A0 01 03 C0 00 A0 E8 7D",3,"WB05","C","AU2"
2011-07-14,"A0 01 03 C0 00 A0 E8 7D",3,"WB05","C","JL3"
2011-07-15,"A0 01 03 C0 00 A0 E8 7D",2,"WB05","C","AU6"
2011-07-15,"A0 01 03 C0 00 A0 E8 7D",3,"WB05","C","AU2"
2011-07-15,"A0 01 03 C0 00 A0 E8 7D",1,"WB05","C","AU2"
2011-07-06,"A0 01 03 C0 00 C0 0B 38",0,"WB12","B",NA
2011-07-12,"A0 01 03 C0 00 C0 0B 38",0,"WB12","B",NA
2011-07-13,"A0 01 03 C0 00 C0 0B 38",0,"WB12","B",NA
2011-07-13,"A0 01 03 C0 00 C0 0B 38",1,"WB12","B","AU1"
2011-07-14,"A0 01 03 C0 00 C0 0B 38",0,"WB12","B",NA
2011-07-14,"A0 01 03 C0 00 C0 0B 64",0,"WB10","D",NA
2011-07-19,"A0 01 03 C0 00 C0 73 40",0,"WB02","D",NA
2011-07-22,"A0 01 03 C0 00 C0 73 40",0,"WB02","D",NA
2011-07-23,"A0 01 03 C0 00 C0 73 40",0,"WB02","D",NA
2011-07-27,"A0 01 03 C0 00 C0 73 40",0,"WB02","D",NA
2011-07-28,"A0 01 03 C0 00 C0 73 40",0,"WB02","D",NA
2011-07-26,"A0 01 03 C0 00 C0 73 50",0,"WB18","D",NA
2011-07-08,"A0 01 03 C0 00 C0 73 83",0,"WB20","B",NA
2011-07-13,"A0 01 03 C0 00 C0 73 83",0,"WB20","B",NA
2011-07-13,"A0 01 03 C0 00 C0 73 83",0,"WB20","B",NA
2011-07-19,"A0 01 03 C0 00 C0 73 9A",0,"WB02","D",NA
2011-07-20,"A0 01 03 C0 00 C0 73 9A",0,"WB02","D",NA
2011-07-20,"A0 01 03 C0 00 C0 73 9A",2,"WB02","D","JL1"
2011-07-22,"A0 01 03 C0 00 C0 73 9A",3,"WB02","D","AU3"
2011-07-27,"A0 01 03 C0 00 C0 73 9A",3,"WB02","D","AU3"
2011-07-29,"A0 01 03 C0 00 C0 73 9A",2,"WB02","D","AU2"
2011-07-08,"A0 01 03 C0 00 C0 73 A6",0,"WB04","B",NA
2011-07-07,"A0 01 03 C0 00 C0 F3 01",0,"WB06","D",NA
2011-07-07,"A0 01 03 C0 00 C0 F3 01",0,"WB06","D",NA
2011-07-12,"A0 01 03 C0 00 C0 F3 01",0,"WB06","D",NA
2011-07-12,"A0 01 03 C0 00 C0 F3 01",0,"WB06","D",NA
2011-07-13,"A0 01 03 C0 00 C0 F3 01",0,"WB06","D",NA
2011-07-13,"A0 01 03 C0 00 C0 F3 01",1,"WB06","D","AU7"
2011-07-13,"A0 01 03 C0 00 C0 F3 01",0,"WB06","D",NA
2011-07-13,"A0 01 03 C0 00 C0 F3 01",0,"WB06","D",NA
2011-07-14,"A0 01 03 C0 00 C0 F3 01",3,"WB06","D","AU2"
2011-07-14,"A0 01 03 C0 00 C0 F3 01",2,"WB06","D","AU3"
2011-07-15,"A0 01 03 C0 00 C0 F3 01",0,"WB06","D",NA
2011-07-15,"A0 01 03 C0 00 C0 F3 01",0,"WB06","D",NA
2011-07-18,"A0 01 03 C0 00 C0 F3 01",0,"WB06","D",NA
2011-07-20,"A0 01 03 C0 00 C0 F3 01",0,"WB06","D",NA
2011-07-20,"A0 01 03 C0 00 C0 F3 01",0,"WB06","D",NA
2011-07-21,"A0 01 03 C0 00 C0 F3 01",0,"WB06","D",NA
2011-07-21,"A0 01 03 C0 00 C0 F3 01",0,"WB06","D",NA
2011-07-22,"A0 01 03 C0 00 C0 F3 01",0,"WB06","D",NA
2011-07-15,"A0 01 03 C0 00 C0 F3 3B",3,"WB04","B","AU3"
2011-07-19,"A0 01 03 C0 00 C0 F3 3B",0,"WB04","B",NA
2011-07-13,"A0 01 03 C0 00 C0 F3 3F",3,"WB01","C","JL3"
2011-07-14,"A0 01 03 C0 00 C0 F3 3F",3,"WB01","C","AU1"
2011-07-15,"A0 01 03 C0 00 C0 F3 3F",3,"WB01","C","AU2"
2011-07-07,"A0 01 03 C0 00 C0 F3 4F",0,"WB02","D",NA
2011-07-11,"A0 01 03 C0 00 C0 F3 4F",0,"WB02","D",NA
2011-07-12,"A0 01 03 C0 00 C0 F3 4F",2,"WB02","D","JL3"
2011-07-12,"A0 01 03 C0 00 C0 F3 4F",2,"WB02","D","JL3"
2011-07-13,"A0 01 03 C0 00 C0 F3 4F",1,"WB02","D","JN4"
2011-07-15,"A0 01 03 C0 00 C0 F3 4F",3,"WB02","D","AU2"
2011-07-06,"A0 01 03 C0 00 C0 F3 51",2,"WB19","A","JL2"
2011-07-07,"A0 01 03 C0 00 C0 F3 51",0,"WB19","A",NA
2011-07-07,"A0 01 03 C0 00 C0 F3 51",1,"WB19","A","JL2"
2011-07-08,"A0 01 03 C0 00 C0 F3 51",2,"WB19","A","JL7"
2011-07-14,"A0 01 03 C0 00 C0 F3 51",0,"WB19","A",NA
2011-07-14,"A0 01 03 C0 00 C0 F3 51",3,"WB19","A","AU1"
2011-07-06,"A0 01 03 C0 00 C0 F3 5F",1,"WB02","D","JL1/AU2"
2011-07-11,"A0 01 03 C0 00 C0 F3 5F",3,"WB02","D","JL3"
2011-07-06,"A0 01 03 C0 00 C0 F3 61",0,"WB20","B",NA
2011-07-06,"A0 01 03 C0 00 C0 F3 73",3,"WB16","B","JUL1/AUG2"
2011-07-07,"A0 01 03 C0 00 C0 F3 73",0,"WB16","B",NA
2011-07-07,"A0 01 03 C0 00 C0 F3 73",2,"WB16","B","AU1/2"
2011-07-08,"A0 01 03 C0 00 C0 F3 73",3,"WB16","B","JL1"
2011-07-09,"A0 01 03 C0 00 C0 F3 73",3,"WB16","B","JL1"
2011-07-08,"A0 01 03 C0 00 C0 F3 77",1,"WB04","B","AU1"
2011-07-12,"A0 01 03 C0 00 C0 F3 77",1,"WB04","B","JL1"
2011-07-14,"A0 01 03 C0 00 C0 F3 77",2,"WB04","B","AU1,7,4"
2011-07-15,"A0 01 03 C0 00 C0 F3 77",2,"WB04","B","AU3"
2011-07-06,"A0 01 03 C0 00 C0 F3 86",3,"WB19","A","AU2"
2011-07-07,"A0 01 03 C0 00 C0 F3 86",0,"WB19","A",NA
2011-07-08,"A0 01 03 C0 00 C0 F3 86",1,"WB19","A","JL1"
2011-07-12,"A0 01 03 C0 00 C0 F3 A6",1,"WB12","B","JL3"
2011-07-14,"A0 01 03 C0 00 C0 F3 A6",1,"WB12","B","AU1"
2011-07-15,"A0 01 03 C0 00 C0 F3 A6",3,"WB12","B","JL1"
2011-07-13,"A0 01 03 C0 00 C0 F3 C6",2,"WB06","D","AU2"
2011-07-14,"A0 01 03 C0 00 C0 F3 C6",2,"WB06","D","AU2"
2011-07-18,"A0 01 03 C0 00 C0 F3 C6",0,"WB06","D",NA
2011-07-19,"A0 01 03 C0 00 C0 F3 C6",1,"WB06","D","AU3"
2011-07-20,"A0 01 03 C0 00 C0 F3 C6",2,"WB06","D","JL3"
2011-07-29,"A0 01 03 C0 00 C0 F3 C6",0,"WB06","D",NA
2011-07-11,"A0 01 03 C0 00 C0 F3 EA",0,"WB16","B",NA
2011-07-12,"A0 01 03 C0 00 C0 F3 EA",0,"WB16","B",NA
2011-07-14,"A0 01 03 C0 00 C0 F3 EA",1,"WB16","B","AU1"
2011-07-16,"A0 01 03 C0 00 C0 F3 EA",2,"WB16","B","AU1/2"
2011-07-16,"A0 01 03 C0 00 C0 F3 EA",0,"WB16","B",NA
